Time,Velocity,Acceleration,Battery,EnergyConsumption,Solar,Cumulative Distance
0.0,1.6354811312533971e-25,,100.0,,,0.0
200.0,24.242992739079195,0.1212149636953959,99.7007325825682,41.26990464668604,32.12728504414436,2.4242992739079194
400.0,26.49871723696931,0.0112786224894505,98.16908496035104,79.59952240311966,32.80768754438585,7.49847027151277
600.0,25.143819029469142,-0.0067744910375008,96.77583726197972,76.0562593780779,33.49254219283432,12.662723898156615
800.0,25.752388110135467,0.0030428454033316,95.37057446176098,77.11230911849759,34.18153057181455,17.752344612117078
1000.0,26.57724346542056,0.0041242767764254,93.80882681588074,82.58571452332681,34.87432394168563,22.985307769672684
1200.0,26.316371049397613,-0.0013043620801147,92.27010093170728,82.57865918483375,35.57058342333493,28.2746692211545
1400.0,26.22246306684737,-0.0004695399127512,90.78615207769845,81.60459768958857,36.26996019961767,33.528552632779
1600.0,25.45978899585619,-0.0038133703549559,89.46611353523761,77.2992732079415,36.97209573576342,38.69677783904935
1800.0,26.86558206768829,0.0070289653591605,87.82168548988079,87.91389880438211,37.67662201873136,43.92931494540381
2000.0,25.805060999603025,-0.0053026053404263,86.31213440451312,84.49994747343827,38.38316181545541,49.196379252132935
2200.0,26.393970580577623,0.0029445479048729,84.77959235449232,85.91048857801582,39.09132894988052,54.416282410151005
2400.0,25.429850938926304,-0.0048205982082565,83.40973807483994,81.64977684202884,39.80072859864904,59.5986645621014
2600.0,25.233325510512422,-0.0009826271420694,82.1486566597308,79.03699483683907,40.51095760525495,64.66498220704527
2800.0,25.115279691986487,-0.0005902290926296,80.94118794067951,78.10977417945814,41.22160481244125,69.69984272729515
3000.0,25.25292056615609,0.000688204370848,79.73958596275136,78.64119183827856,41.93225141257369,74.73666275310941
3200.0,24.882691215362417,-0.0018511467539683,78.61708818588143,76.93477839905758,42.64247131568079,79.75022393126126
3400.0,25.231933873187263,0.0017462132891242,77.71426582850388,70.9330545526928,43.35183153480877,84.76168644011624
3600.0,25.193985791545025,-0.0001897404082112,76.82433435421628,71.24729912778263,44.05989258829614,89.80427840658946
3800.0,25.20269263667392,4.3534225644474846e-05,75.95788031917147,71.23637968915094,44.766208918531696,94.84394624941136
4000.0,25.193912006036577,-4.390315318671511e-05,75.11552406700326,71.20431283045524,45.47032932671696,99.8836067136824
4200.0,25.05504614809645,-0.0006943292897006,74.31964802056049,70.48581064193961,46.17179742311296,104.9085025290957
4400.0,25.347338034058023,0.0014614594298078,73.50455549556905,71.7712287306988,46.87015209221038,109.94874094731117
4600.0,25.21514668018448,-0.0006609567693677,72.72029449509796,71.52410153661377,47.56492797222187,115.0049894187354
4800.0,24.88478333863594,-0.0016518167077427,72.01980200603235,69.65570148921023,48.25565594825583,120.01498242061744
5000.0,25.607700849215604,0.0036145875528983,70.94606639385127,81.74448661062468,48.94186365849267,125.06423083940258
5200.0,24.865863826546065,-0.0037091851133476,69.9841622403466,79.00924790221414,49.62307601264706,130.11158730697878
5400.0,25.214671334892035,0.0017440375417298,69.02335882520458,79.65136005455243,50.29881572196336,135.11964082312258
5600.0,25.256720863525068,0.0002102476431651,68.05897468279315,80.43053939062617,50.9686038399567,140.1667800429643
5800.0,25.2050278483964,-0.0002584650756433,67.12298020845031,80.22659150425196,51.63196031307813,145.21295491415643
6000.0,25.21969685022974,7.33450091667187e-05,66.20867360914515,80.22047114922272,52.288404540450735,150.25542738401904
6200.0,25.20980527144503,-4.945789392355238e-05,65.31654027463091,80.19212931120325,52.93745594179266,155.29837759618653
6400.0,25.09111747335672,-0.0005934389904415,64.4662637045247,79.5545837493589,53.57863453261444,160.3284698706667
6600.0,25.271405128948057,0.0009014382779566,63.66972685194269,78.54566235213188,54.21146150575096,165.3647221308972
6800.0,25.19431961311081,-0.0003854275791862,62.89730484335517,78.43295218061229,54.8354598182636,170.41129460510308
7000.0,25.24288317754616,0.0002428178221767,62.14073171317723,78.56346390966084,55.45015478272435,175.45501488416878
7200.0,25.3743329079456,0.0006572486519971,61.37860418531671,79.33807063801237,56.055074661873775,180.516736492718
7400.0,25.164690762560067,-0.0010482107269276,60.665201547543454,78.44420184959772,56.64975126562464,185.5706388597685
7600.0,25.2482374524504,0.0004177334494516,59.96766631628496,78.54342186431458,57.233720549367625,190.61193168126957
7800.0,25.25963703688532,5.699792217459532e-05,59.28245127662127,78.73984267424608,57.806523212520354,195.66271913020316
8000.0,25.18351165861703,-0.0003806268913414,58.62814195507257,78.35685506956224,58.367705296249646,200.70703399975332
8200.0,25.533151440563103,0.0017481989097303,58.249521618724096,70.4836700547329,58.91681877928709,205.77870030967136
8400.0,25.15095540478304,-0.0019109801789003,57.93577103233805,69.03850258484552,59.453422170751445,210.847110994206
8600.0,25.177238135058325,0.0001314136513764,57.6521179329624,68.6426832848122,59.97708109888636,215.87993034819013
8800.0,25.210182149391617,0.0001647200716664,57.37857684282222,68.84404919840343,60.48736889462057,220.91867237663516
9000.0,25.43316499496423,0.001114914227863,57.08298679924385,70.01414300017731,60.9838671688581,225.98300709107076
9200.0,25.224890971398658,-0.0010413701178278,56.82744899257436,69.27284637616245,61.46616638240953,231.04881268770703
9400.0,25.110385284402906,-0.0005725284349787,56.615484326160185,68.40938696643381,61.93386640748094,236.08234031328715
9600.0,24.332132152234852,-0.0038912656608402,56.54875987073838,64.42500919278199,62.38657707964624,241.02659205695093
9800.0,25.27612979366705,0.0047199882071609,56.378707577894616,68.01901628561671,62.823918739239616,245.98741825154116
10000.0,25.20797879782553,-0.0003407549792076,56.01517154481351,74.35154857174655,63.24552276111836,251.0358291106904
10200.0,24.856195588935552,-0.0017589160444498,55.72694140607,72.45646281037745,63.65103207176323,256.0422465493665
10400.0,24.86753468854253,5.669549803489104e-05,55.466178301949306,72.00641448358977,64.0401016527025,261.0146195771144
10600.0,25.22994376119533,0.0018120453632639,55.15702525321266,73.85702466817156,64.41239902926688,266.0243674220881
10800.0,25.22299200484221,-3.4758781765589216e-05,54.84304424177783,74.35972464304137,64.76760474370762,271.06966099869186
11000.0,25.241329016676268,9.168505917028112e-05,54.53737665063528,74.44355772113995,65.10541281173548,276.1160931008437
11200.0,25.10371410293822,-0.0006880745686902,54.264392211117865,73.76520578882526,65.42553116156824,281.1505974128052
11400.0,25.23864556972891,0.0006746573339534,53.98536954208968,74.25182459341634,65.72768205460511,286.1848333800719
11600.0,25.44792629061085,0.0010464036044097,53.8424865147115,70.37667897328332,66.01160248688038,291.2534905661059
11800.0,25.156221551938746,-0.0014585236933605,53.74712407084392,69.19036723063932,66.27704457048391,296.31390535036087
12000.0,25.29062054553385,0.0006719949679755,53.65118122581426,69.45482980983026,66.52377589417479,301.3585895601081
12200.0,25.24998872992641,-0.0002031590780372,53.56313057743887,69.4415271703215,66.75157986245362,306.4126504876541
12400.0,25.048445898907048,-0.0010077141550968,53.51723872558211,68.36225208662485,66.96025601240093,311.4424939505374
12600.0,25.253725577193123,0.0010263983914303,53.45296112787263,69.11330091765845,67.14962030763336,316.47271109814744
12800.0,25.21981107625765,-0.0001695725046773,53.39025750875069,69.23510097294944,67.319505408774,321.5200647634925
13000.0,0.0,0.0,55.5987603211854,0.0,67.46976091988039,321.5200647634925
13200.0,0.0,0.0,57.81153458011576,0.0,67.60025361032235,321.5200647634925
13400.0,0.0,0.0,60.02792959195378,0.0,67.71086761165148,321.5200647634925
13600.0,0.0,0.0,62.247291444296,0.0,67.80150458905484,321.5200647634925
13800.0,0.0,0.0,64.46896358462459,0.0,67.87208388703797,321.5200647634925
14000.0,0.0,0.0,66.69228740292358,0.0,67.92254264903494,321.5200647634925
14200.0,0.0,0.0,68.91660281734903,0.0,67.95283591069705,321.5200647634925
14400.0,0.0,0.0,71.14124886208444,0.0,67.96293666666666,321.5200647634925
14600.0,0.0,0.0,73.36556427650987,0.0,67.95283591069705,321.5200647634925
14800.0,25.07112031498365,-0.00074345380637,73.33894875825415,68.43400619945693,67.92254264903494,326.5491579026166
15000.0,25.237072165110643,0.0008297592506349,72.9026523887114,81.20093797656848,67.87208388703797,331.579977150626
15200.0,25.17484162240179,-0.0003111527135442,72.46576546260198,81.14840018169801,67.80150458905484,336.62116852937726
15400.0,25.39484121742624,0.0010999979751222,71.99093679528765,82.2168833981045,67.71086761165148,341.6781368133601
15600.0,25.01542380208649,-0.0018970870766987,71.56655105133953,80.56523808793703,67.60025361032235,346.7191633153114
15800.0,25.153241123698862,0.0006890866080618,71.13466512012084,80.66387611861101,67.46976091988039,351.7360298078899
16000.0,25.254573189616934,0.0005066603295903,70.6727242715311,81.43179833319066,67.319505408774,356.7768112392215
16200.0,25.183438255542104,-0.0003556746703741,70.21204187028299,81.22346766576221,67.14962030763336,361.8206123837374
16400.0,25.22775752357027,0.0002215963401408,69.74135127890624,81.33985357896151,66.96025601240093,366.8617319616486
16600.0,25.21879311181867,-4.4822058757993946e-05,69.50617545698334,73.93620122219859,66.75157986245362,371.9063870251875
16800.0,25.262927777507475,0.000220673328444,69.25645603359649,74.15270427864249,66.52377589417479,376.95455911412006
17000.0,25.3159843115982,0.0002652826704536,68.9872669949377,74.50076970150941,66.27704457048391,382.0124503230306
17200.0,25.216963116286884,-0.0004951059765565,68.72361417893038,74.06619601590451,66.01160248688038,387.0657450658191
17400.0,25.13349682101819,-0.0004173314763434,68.47003745788784,73.47445088245419,65.72768205460511,392.1007910595496
17600.0,25.166840770407678,0.0001667197469474,68.20517738258735,73.51700646199802,65.42553116156824,397.1308248186922
17800.0,25.413032688611207,0.0012309595910176,67.88598243818622,74.85681836319026,65.10541281173548,402.1888121645941
18000.0,25.25643899481864,-0.0007829684689628,67.56978740321266,74.42736306215033,64.76760474370762,407.2557593329371
18200.0,25.57707996237028,0.0016032048377581,67.22351369842903,74.99106071040663,64.41239902926688,412.339111228656
18400.0,25.26594635088209,-0.0015556680574409,66.90197711278756,73.86304434404902,64.0401016527025,417.4234138599812
18600.0,25.28453329843389,9.293473775901618e-05,66.57977522968521,73.49429960054023,63.65103207176323,422.4784618249128
18800.0,25.22998203660887,-0.000272756309125,66.25256378372204,73.24183243529255,63.24552276111836,427.5299133584171
19000.0,25.22932387474233,-3.29080933267889e-06,65.91430528741684,73.1577158013645,62.823918739239616,432.5758439495522
19200.0,25.236585443899344,3.630784578504631e-05,65.56054516456655,73.1939488327229,62.38657707964624,437.6224348814164
19400.0,25.23174002523933,-2.422709330007322e-05,65.19242744240232,73.17986281959809,61.93386640748094,442.6692674283303
19600.0,25.22512136609047,-3.309329574429754e-05,64.81034495068857,73.13878650426564,61.46616638240953,447.7149535674633
19800.0,25.506956357257152,0.0014091749558334,64.36529799093935,74.58005178919706,60.9838671688581,452.788161339798
20000.0,24.72213824732945,-0.0039240905496384,63.59422384843506,84.04368394812758,60.48736889462057,457.8110708002567
20200.0,25.566551975044764,0.0042220686385765,62.70238504346743,87.22275659064785,59.97708109888636,462.8399398224941
20400.0,23.89475301965464,-0.0083589947769506,62.04098181801459,79.6592907083361,59.453422170751445,467.786070321964
20600.0,25.322910951651853,0.007140789659986,61.20999908556328,84.30334125567502,58.91681877928709,472.7078367190947
20800.0,25.30751248331195,-7.699234169951552e-05,60.27462482424718,86.94338897945632,58.367705296249646,477.7708790625911
21000.0,24.846008364407805,-0.0023075205945207,59.40575942561788,84.35036114064492,57.806523212520354,482.7862311473631
21200.0,24.85623151575356,5.1115756728776776e-05,58.54462782204732,83.54129103844859,57.233720549367625,487.7564551353792
21400.0,25.57341732123893,0.0035859290274268,57.53406391873609,87.52247851178245,56.64975126562464,492.79942001907847
21600.0,25.35352972217077,-0.0010994379953408,57.002251147861685,72.30195481208679,56.055074661873775,497.8921147234194
21800.0,25.31462871759486,-0.0001945050228795,56.46758750438504,71.78412909093579,55.45015478272435,502.958930567396
22000.0,25.124064126604026,-0.0009528229549541,55.94631873156603,70.76022082788397,54.8354598182636,508.00279985181584
22200.0,25.296569568471128,0.0008625272093355,55.38490017893716,71.36279828856281,54.21146150575096,513.0448632213233
22400.0,25.452796054925567,0.0007811324322721,54.76856065778111,72.4078069039318,53.57863453261444,518.119799783663
22600.0,25.383758216716828,-0.0003451891910436,54.1353697112198,72.28143935924089,52.93745594179266,523.2034552108272
22800.0,25.2366961513561,-0.0007353103268036,53.50878818539669,71.43047015434689,52.288404540450735,528.2655006476346
23000.0,25.22057144757148,-8.062351892309749e-05,52.87028435591416,71.13825230376916,51.63196031307813,533.3112274075273
23200.0,25.200665000428803,-9.953223571338654e-05,52.120596394221664,73.87157106966214,50.9686038399567,538.3533510523273
23400.0,25.40197450675673,0.0010065475316396,51.31609641243242,74.8762901656249,50.29881572196336,543.4136150030458
23600.0,25.180426550546013,-0.0011077397810535,50.51696447215476,74.03655678813004,49.62307601264706,548.4718551087761
23800.0,25.391926606682507,0.0010575002806824,49.67073630010567,74.79413431459146,48.94186365849267,553.529090424499
24000.0,25.173102730645628,-0.0010941193801843,48.82856377345873,73.98402663731997,48.25565594825583,558.5855933582318
24200.0,25.233945315629278,0.0003042129249182,47.9641833187683,73.9717508630151,47.56492797222187,563.6262981628593
24400.0,25.42626769441102,0.0009616118939087,47.04171037408173,75.05170055238608,46.87015209221038,568.6923194638632
24600.0,25.409696270566336,-8.285711922342286e-05,46.0896827872381,75.25624020118708,46.17179742311296,573.775915860361
24800.0,24.968341654002906,-0.0022067730828171,45.03161614157805,77.79426535163188,45.47032932671696,578.8137196528179
25000.0,25.18909684209118,0.0011037759404413,43.93566633599264,78.24747547916546,44.766208918531696,583.8294635024273
25200.0,25.29043756748695,0.0005067036269788,42.78775116058624,79.12870119696156,44.05989258829614,588.8774169433851
25400.0,0.0,0.0,44.20679638267491,0.0,43.35183153480877,588.8774169433851
25600.0,0.0,0.0,45.602621957656275,0.0,42.64247131568079,588.8774169433851
25800.0,0.0,0.0,46.9751997453019,0.0,41.9322514125737,588.8774169433851
26000.0,0.0,0.0,48.32451577844237,0.0,41.22160481244125,588.8774169433851
26200.0,0.0,0.0,49.65057003720685,0.0,40.510957605254944,588.8774169433851
26400.0,0.0,0.0,50.95337621064871,0.0,39.80072859864904,588.8774169433851
26600.0,0.0,0.0,52.23296144632402,0.0,39.09132894988052,588.8774169433851
26800.0,0.0,0.0,53.48936608840111,0.0,38.38316181545541,588.8774169433851
27000.0,0.0,0.0,54.72264340488987,0.0,37.67662201873135,588.8774169433851
27200.0,25.10503110129544,-0.0009270323309575,58.69851768631735,78.31924145189373,36.97209573576342,593.9169638102634
27400.0,25.286185239493516,0.0009057706909903,57.300749360038026,78.97178256745039,36.26996019961767,598.9560854443423
27600.0,25.233563473257945,-0.0002631088311778,55.879632274178,78.9857103963589,35.57058342333493,604.0080603156175
27800.0,25.20507084639053,-0.000142463134337,54.44336852714578,78.75218141351985,34.87432394168563,609.0519237475824
28000.0,25.26935357270178,0.0003214136315562,52.974886757993055,79.04364861943068,34.18153057181455,614.0993661894915
28200.0,25.01753082257484,-0.0012591137506347,51.5235958827658,77.82947843102741,33.49254219283432,619.1280546290192
28400.0,24.790230189357437,-0.001136503166087,50.44185755518505,65.85479345197746,32.80768754438585,624.1088307302125
28600.0,26.507261144565124,0.0085851547760384,49.06522596142658,74.18338023346622,32.12728504414436,629.2385798636047
28800.0,26.134095804426124,-0.0018658267006949,47.64648992109087,74.79402865646773,31.45164262421155,634.5027155585038
29000.0,25.616809894443456,-0.0025864295499133,46.3126355069472,71.53030993838497,30.78105758629637,639.6778061283908
29200.0,25.96104335014577,0.0017211672785115,44.923138509171885,72.56494975758719,30.115816475550236,644.8355914528498
29400.0,26.094680955345048,0.0006681880259963,43.47271638660411,73.76659081733216,29.45619497288731,650.0411638833989
29600.0,26.16451883975937,0.0003491894220716,41.982348619851386,74.33319307988124,28.802457805585348,655.2670838629093
29800.0,26.26482814325252,0.0005015465174657,40.449977105688845,74.96880843359534,28.15485867593005,660.5100185612105
30000.0,26.18796561846101,-0.0003843126239575,38.92126907473985,74.2156705531255,27.51364020763352,665.7552979373818
30200.0,26.154421977677625,-0.0001677182039169,37.38137698493895,73.9227372531432,26.87903390972678,670.9895366969956
30400.0,26.407585970999484,0.0012658199666092,35.778658519338244,75.21430928169902,26.251260157597308,676.2457374918633
30600.0,26.432862228533097,0.000126381287668,34.13846769966565,75.73835773181179,25.63052819081461,681.5297823118166
30800.0,26.09977465325108,-0.00166543787641,32.53504539344449,74.00158758241525,25.017036127360345,686.783045999995
31000.0,26.10266307321657,1.4442099827434162e-05,30.927607013935752,73.51821348784686,24.410970993854946,692.0032897726418
31200.0,26.29526662035632,0.0009630177356987,29.2671621361538,74.53909978758776,23.812508771349407,697.243082741999
31400.0,26.212794527613426,-0.0004123604637144,27.59215720140592,74.39321521277706,23.22181445622882,702.493888856796
31600.0,26.45578431786018,0.0012149489512337,25.69753169602301,80.51985132520248,22.639042135754444,707.7607467413434
31800.0,26.141512077634385,-0.0015713612011289,23.827007250827663,79.20885687846852,22.06433507775259,713.0204763808929
32000.0,26.155741311196365,7.114616780990346e-05,21.95200944561629,78.77900878314826,21.49782583394124,718.250201719776
32200.0,26.482868695953403,0.0016356369237851,19.99999999999452,80.57352492011587,20.93963635637052,723.514062720491
32400.0,-3.582609889638829e-20,-0.132414343479767,20.667426452578475,0.0,20.38987812643917,726.1623495900863
32400.0,4.1190489003744056e-19,,54.62862140734481,,,726.1623495900863
32600.0,25.004969093447176,0.1250248454672358,54.25808017727732,43.44731962270641,32.12728504414436,728.662846499431
32800.0,24.12536625368512,-0.0043980141988102,53.08735741549857,68.57326791672642,32.80768754438585,733.5758800341442
33000.0,23.513889577846307,-0.003057383379194,52.07509107138695,64.41727900544453,33.49254219283432,738.3398056172973
33200.0,24.311846866262105,0.0039897864420789,50.98719398528551,67.41678655221334,34.18153057181455,743.1223792617081
33400.0,23.326178612538197,-0.0049283412686195,50.0413501075674,63.7698544059736,34.87432394168563,747.8861818095883
33600.0,23.54139786556464,0.0010760962651322,49.12652592627442,63.51846216183607,35.57058342333493,752.5729394573985
33800.0,23.822021522811763,0.0014031182862356,48.182367056907616,65.11401365877354,36.26996019961767,757.3092813962361
34000.0,23.95360427863352,0.0006579137791087,47.22851494537465,66.11227774309536,36.97209573576342,762.0868439763807
34200.0,23.493912890939004,-0.0022984569384725,46.22981600651361,68.186874600936,37.67662201873136,766.8315956933379
34400.0,23.79471015326904,0.0015039863116501,45.22751610851453,69.00342369932723,38.38316181545541,771.5604579977587
34600.0,23.28503005217356,-0.0025484005054774,44.31429441649525,66.99025164106973,39.09132894988052,776.268432018303
34800.0,23.629380094780696,0.0017217502130356,43.39312360984934,67.9424967416815,39.80072859864904,780.9598730329984
35000.0,23.588297031110976,-0.0002054153183486,42.48663503082326,68.2041836945018,40.51095760525495,785.6816407455875
35200.0,23.23983961553929,-0.0017422870778584,41.658819150926256,66.51137994329459,41.22160481244125,790.3644544102526
35400.0,23.34552342706409,0.000528419057624,40.852825727081,66.55535051104627,41.93225141257369,795.022990714513
35600.0,24.10475009858466,0.0037961333576028,39.94803407124722,70.28385640140277,42.64247131568079,799.7680180670778
35800.0,23.736931221032272,-0.0018390943877619,39.0903668668211,69.55356463002693,43.35183153480877,804.5521861990395
36000.0,23.786494553932677,0.000247816664502,38.49100256986376,62.37047186034293,44.05989258829614,809.304528776536
36200.0,23.79959168697084,6.548566519082755e-05,37.9107558485868,62.49274625354273,44.766208918531696,814.0631374006264
36400.0,23.90174287289441,0.0005107559296178,37.33736935998168,62.9872865536036,45.47032932671696,818.8332708566129
36600.0,23.13596188894667,-0.0038289049197386,36.898908116433184,59.56678841351957,46.17179742311296,823.537041332797
36800.0,23.19387095994431,0.0002895453549881,36.50367223310972,58.94460832774242,46.87015209221038,828.1700246176861
37000.0,23.82369728907694,0.0031491316456631,36.03513732355853,61.87866945901065,47.56492797222187,832.8717814425881
37200.0,23.711889592018096,-0.0005590384852942,35.58100735104984,62.12932660839616,48.25565594825583,837.6253401306977
37400.0,24.125719913359568,0.0020691516067073,35.090350155378744,63.93144098624474,48.94186365849267,842.4091010812355
37600.0,24.38309725718396,0.0012868867191219,34.564299756243265,65.69391570623594,49.62307601264706,847.2599827982898
37800.0,23.1333855764255,-0.0062485584037922,33.966401260985535,68.56461475208692,50.29881572196336,852.0116310816508
38000.0,24.570258825048374,0.0071843662431143,33.220175381696166,73.76580445224684,50.9686038399567,856.7819955217981
38200.0,25.99723956307172,0.0071349036901167,32.183898004541426,83.29023418515511,51.63196031307813,861.8387453606101
38400.0,25.496971779787557,-0.0025013389164208,31.178666681087,82.9982214719837,52.288404540450735,866.9881664948961
38600.0,23.87737511314369,-0.0080979833332193,30.49678592557112,73.7689130228026,52.93745594179266,871.9256011841892
38800.0,25.24503277117044,0.0068382882901337,29.68910831493688,78.2531855374905,53.57863453261444,876.8378419726206
39000.0,23.9925512057483,-0.0062624078271107,29.042069740445445,73.97848995646434,54.21146150575096,881.7616003703124
39200.0,24.661453910749724,0.0033445135250071,28.36632269017653,75.47953220397903,54.8354598182636,886.6270008819623
39400.0,24.68754527211163,0.0001304568068095,27.731670837272933,74.83876888892937,55.45015478272435,891.5619008002484
39600.0,25.301945220750152,0.0030719997431926,27.01164175213119,78.05196321295419,56.055074661873775,896.5608498495346
39800.0,23.91188100994188,-0.0069503210540413,26.51329699603661,71.87418356431404,56.64975126562464,901.4822324726038
40000.0,24.35536635945963,0.0022174267475887,26.028582275123945,72.04175527324958,57.233720549367625,906.308957209544
40200.0,24.69564230086864,0.001701379707045,25.48506951905912,74.41083791030105,57.806523212520354,911.2140580755768
40400.0,23.66672398818855,-0.0051445915634004,25.111630935725668,69.77625401708656,58.367705296249646,916.0502947044824
40600.0,23.19815174149385,-0.0023428612334734,24.876278616166918,66.106832141807,58.91681877928709,920.7367822774509
40800.0,23.63123796140982,0.0021654310995798,24.612086208548924,67.5245002234809,59.453422170751445,925.4197212477412
41000.0,23.75032376442495,0.0005954290150756,24.32696629185624,68.68749455384793,59.97708109888636,930.1578774203246
41200.0,23.61492700985018,-0.0006769837728738,24.36214289194757,59.4127237618304,60.48736889462057,934.894402497752
41400.0,23.571565240928244,-0.0002168088446096,24.42505411859338,59.061929194828586,60.9838671688581,939.61305172283
41600.0,23.988163206459827,0.0020829898276579,24.443030563242942,60.916985998365206,61.46616638240953,944.3690245675688
41800.0,23.7200132992704,-0.0013407495359471,24.50084393936045,60.1676677670908,61.93386640748094,949.1398422181418
42000.0,23.330840783623096,-0.0019458625782365,24.641449009694828,58.09109218093085,62.38657707964624,953.8449276264312
42200.0,23.206891568882966,-0.0006197460737006,24.828439096866838,57.11137157613491,62.823918739239616,958.4987008616818
42400.0,24.38881944527317,0.005909639381951,24.858195096940413,62.33647695887055,63.24552276111836,963.2582719630972
42600.0,23.47348089877252,-0.0045766927325032,24.994245850280286,59.4946815572304,63.65103207176323,968.044501997502
42800.0,23.22713109495892,-0.001231749019068,25.05042828156734,62.32372837688313,64.0401016527025,972.714563196875
43000.0,23.56339281178133,0.001681308584112,25.07807731194978,63.56772115108341,64.41239902926688,977.3936155875492
43200.0,22.83202900008021,-0.0036568190585055,25.21329916123348,60.6365772480908,64.76760474370762,982.0331577687352
43400.0,22.764287655684143,-0.0003387067219803,25.39676027009431,59.50067593603684,65.10541281173548,986.5927894343116
43600.0,0.0,0.0,27.538348851487704,0.0,65.42553116156823,986.5927894343116
43800.0,0.0,0.0,29.68982780581193,0.0,65.72768205460511,986.5927894343116
44000.0,0.0,0.0,31.8506003913072,0.0,66.01160248688038,986.5927894343116
44200.0,0.0,0.0,34.020061752043176,0.0,66.27704457048391,986.5927894343116
44400.0,0.0,0.0,36.19759942452024,0.0,66.52377589417479,986.5927894343116
44600.0,0.0,0.0,38.3825938553698,0.0,66.75157986245362,986.5927894343116
44800.0,0.0,0.0,40.57441892942547,0.0,66.96025601240093,986.5927894343116
45000.0,0.0,0.0,42.77244250741674,0.0,67.14962030763336,986.5927894343116
45200.0,0.0,0.0,44.97602697251573,0.0,67.319505408774,986.5927894343116
45400.0,24.00635200387252,0.0062103217409418,45.38850113489551,65.03966678938698,67.46976091988039,991.2698534002672
45600.0,23.64463057640983,-0.0018086071373134,45.4764420284526,64.91365931215346,67.60025361032235,996.0349516582957
45800.0,24.051477148774865,0.0020342328618251,45.520264402992495,66.37209406945759,67.71086761165148,1000.804562430814
46000.0,22.96883407485133,-0.0054132153696176,45.71570746721228,61.83071897714044,67.80150458905484,1005.5065935531766
46200.0,23.386448776318858,0.0020880735073376,45.89330998517073,62.44632696340738,67.87208388703797,1010.1421218382936
46400.0,23.864188222814875,0.00238869723248,46.14546498523128,60.219207397184896,67.92254264903494,1014.867185538207
46600.0,23.189042925172263,-0.003375726488213,46.48142000373425,57.68941009543133,67.95283591069706,1019.5725086530056
46800.0,23.912819553846354,0.0036188831433704,46.73529526236943,60.20704751536217,67.96293666666666,1024.2826949009077
47000.0,23.153061366284582,-0.0037987909378088,47.0747816324935,57.58152730340675,67.95283591069706,1028.9892829929206
47200.0,23.822833571605987,0.003348861026607,47.3422424566952,59.751614469673086,67.92254264903494,1033.6868724867095
47400.0,23.291522973812768,-0.002656552988966,47.66185618810356,58.10788439251227,67.87208388703797,1038.3983081412516
47600.0,24.696671649023383,0.007025743376053,47.7863613144348,63.99787297963544,67.80150458905484,1043.1971276035351
47800.0,23.851053963079213,-0.0042280884297208,47.98117768120952,61.759227606683886,67.71086761165148,1048.0519001647456
48000.0,24.54600169421196,0.0034747386556637,48.09900436469319,64.00064842989667,67.60025361032235,1052.8916057304746
48200.0,23.928565022154334,-0.0030871833602881,47.89754758382961,73.62426557526219,67.46976091988039,1057.7390624021114
48400.0,24.657560266571476,0.0036449762220856,47.60195740937184,76.34978523845865,67.319505408774,1062.597674930984
48600.0,24.542103402223884,-0.0005772843217379,47.28271353260629,76.90252074282009,67.14962030763336,1067.5176412978633
48800.0,24.55957474142729,8.735669601703578e-05,46.96028669779414,76.81039581591261,66.96025601240093,1072.4278091122285
49000.0,24.27043154516467,-0.0014457159813131,46.678329942117976,75.36535874836059,66.75157986245362,1077.3108097408876
49200.0,21.9658185121164,-0.0115230651652413,46.76692433748193,63.81721711580536,66.52377589417479,1081.9344347466158
49400.0,23.7470078617924,0.00890594674838,46.67651200081407,69.03914145568737,66.27704457048391,1086.5057173840066
49600.0,23.748837818061148,9.149781343733566e-06,46.49486945305596,71.56078232089017,66.01160248688038,1091.255301951992
49800.0,23.39841695351164,-0.0017521043227475,46.35940435119543,69.86614091644427,65.72768205460511,1095.9700274291492
50000.0,23.71580481117293,0.0015869392883064,46.41209163821252,63.81593454319618,65.42553116156824,1100.6814496056177
50200.0,23.72177732159712,2.9862552120931697e-05,46.43958079267414,64.26561914293288,65.10541281173548,1105.4252078188947
50400.0,24.514293233753488,0.0039625795607818,46.330313803502506,68.10571126290127,64.76760474370762,1110.24881487443
50600.0,22.822150750598247,-0.0084607124157762,46.440203552996046,61.05526718223851,64.41239902926688,1114.982459272865
50800.0,23.58855729765728,0.0038320327352951,46.49158712520956,62.47033352157926,64.0401016527025,1119.6235300776907
51000.0,23.722540851676214,0.0006699177700946,46.476898695907074,64.09976358695411,63.65103207176323,1124.354639892624
51200.0,23.530622943351336,-0.0009595895416244,46.4728943243206,63.36785631308492,63.24552276111836,1129.0799562721268
51400.0,23.325699318211484,-0.0010246181256992,46.49473953302167,62.15654761342095,62.823918739239616,1133.765588498283
51600.0,23.52816057643014,0.0010123062910932,46.4960098990144,62.347767398568905,62.38657707964624,1138.450974487747
51800.0,23.830440069364165,0.0015113974646701,46.4285249682514,63.99553104229109,61.93386640748094,1143.186834552327
52000.0,23.551863605153954,-0.001392882321051,46.37596710454742,63.07180911856629,61.46616638240953,1147.9250649197784
52200.0,22.86710863023192,-0.0034237748746101,46.42092931731245,59.610271568886496,60.9838671688581,1152.5669621433171
52400.0,25.09745238975632,0.0111517187976219,46.13744900858459,69.14769232625692,60.48736889462057,1157.363418245316
52600.0,24.12017740027977,-0.0048863749473827,45.89403433616887,67.41339934118692,59.97708109888636,1162.285181224319
52800.0,25.825507974683816,0.0085266528720202,45.39972134085253,74.5546841776661,59.453422170751445,1167.2797497618158
53000.0,23.42063311066747,-0.0120243743200817,45.2017879256169,64.96368461473617,58.91681877928709,1172.2043638703508
53200.0,23.68505614457747,0.0013221151695499,45.04404951706242,63.1866136775888,58.367705296249646,1176.9149327958753
53400.0,24.36682991117268,0.003408868832976,44.35566830147428,78.836569348738,57.806523212520354,1181.7201214014503
53600.0,24.029667311503317,-0.0016858129983468,43.66732646257173,78.26256372784101,57.233720549367625,1186.559771123718
53800.0,24.86844275654151,0.0041938772251909,42.8341692582611,82.10270385731366,56.64975126562464,1191.4495821305225
54000.0,24.02614074436828,-0.0042115100608661,42.07911854708268,79.12187388837486,56.055074661873775,1196.3390404806134
54200.0,22.731190426360733,-0.0064747515900377,41.5671065881396,71.09212012843551,55.45015478272435,1201.0147735976864
54400.0,23.602986061833374,0.0043589781773632,40.96106982274611,73.3498830010343,54.8354598182636,1205.6481912465058
54600.0,24.217442087764525,0.0030722801296557,40.18508448775806,77.9178134896354,54.21146150575096,1210.4302340614654
54800.0,0.0,0.0,41.93888594545411,0.0,53.57863453261443,1210.4302340614654
55000.0,0.0,0.0,43.67169956057007,0.0,52.93745594179266,1210.4302340614654
55200.0,0.0,0.0,45.38326763063393,0.0,52.288404540450735,1210.4302340614654
55400.0,0.0,0.0,47.07334816461358,0.0,51.63196031307813,1210.4302340614654
55600.0,0.0,0.0,48.741714902419034,0.0,50.9686038399567,1210.4302340614654
55800.0,0.0,0.0,50.388157315576585,0.0,50.298815721963365,1210.4302340614654
56000.0,0.0,0.0,52.01248058931298,0.0,49.62307601264706,1210.4302340614654
56200.0,0.0,0.0,53.61450558631765,0.0,48.94186365849267,1210.4302340614654
56400.0,0.0,0.0,55.194068792479875,0.0,48.25565594825583,1210.4302340614654
56600.0,23.574675481537163,-0.0032138330311368,58.65332682418232,75.65041540530771,47.56492797222187,1215.2094458183956
56800.0,23.42889570001022,-0.0007288989076347,57.77025176418198,73.84809517522062,46.87015209221038,1219.9098029365505
57000.0,23.900818300672395,0.0023596130033108,57.23981343932492,62.37668824749658,46.17179742311296,1224.642774336619
57200.0,23.16096726455084,-0.0036992551806077,56.77921526491648,59.54160355489406,45.47032932671696,1229.348952893141
57400.0,23.25221047816637,0.0004562160680776,56.30945485562851,59.11738942227937,44.766208918531696,1233.9902706674127
57600.0,24.375790001026168,0.0056178976142989,55.644627089332914,64.37038084862589,44.05989258829614,1238.753070715332
57800.0,23.780265059567352,-0.002977624707294,55.00269652410138,62.962810302632114,43.35183153480877,1243.5686762213911
58000.0,23.450238879054545,-0.001650130902564,54.41093557733258,60.72076823946787,42.64247131568079,1248.2917266152535
58200.0,24.01340029986622,0.0028158071040583,53.72381533042962,62.92377495545881,41.93225141257369,1253.0380905331456
58400.0,24.17640625673206,0.0008150297843292,52.96567252472055,64.38286752685319,41.22160481244125,1257.8570711888055
58600.0,24.010202407426167,-0.0008310192465294,52.203332540081895,63.800444135964895,40.51095760525495,1262.6757320552213
58800.0,23.8567643688518,-0.0007671901928718,51.35920743318682,65.58875061429363,39.80072859864904,1267.4624287328488
59000.0,24.13973474229452,0.0014148518672136,50.45433925498276,66.73505179401445,39.09132894988052,1272.2620786439634
59200.0,23.69292856700362,-0.0022340308764545,49.58376937455091,64.97907166264818,38.38316181545541,1277.0453449748934
59400.0,24.04246419670466,0.0017476781485052,48.654637071698566,66.06161387087009,37.67662201873136,1281.818884251264
59600.0,24.365868331490336,0.0016170206739283,47.6368868556156,68.06436483709803,36.97209573576342,1286.6597175040838
59800.0,25.592629532696265,0.0061338060060296,46.38201459261499,74.60630783428603,36.26996019961767,1291.6555672905024
60000.0,24.17374397990372,-0.0070944277639627,45.280504744274666,69.22170929013154,35.57058342333493,1296.6322046417622
60200.0,22.51329437572876,-0.0083022480208747,44.47176025161963,59.5814681922968,34.87432394168563,1301.3009084773255
60400.0,24.5084223617526,0.0099756399301191,43.260459307588064,71.1867744119795,34.18153057181455,1306.0030801510738
60600.0,24.0576412980056,-0.002253905318735,42.005952217519216,71.81773379443729,33.49254219283432,1310.8596865170496
60800.0,23.46937612409905,-0.0029413258695327,40.84307124944305,68.33370111911164,32.80768754438585,1315.61238825926
61000.0,23.882571654845396,0.0020659776537317,39.61936167905496,69.51161241950163,32.12728504414436,1320.3475830371544
61200.0,23.866168326348937,-8.201664248227658e-05,38.35749771934427,70.00158659337261,31.45164262421155,1325.1224570352738
61400.0,23.337619923703464,-0.0026427420132273,37.15716343907959,67.45126984838394,30.78105758629637,1329.8428358602791
61600.0,23.5366822936904,0.0009953118499346,35.92721429872717,67.69076271331666,30.115816475550236,1334.5302660820184
61800.0,23.653829140216963,0.0005857342326328,34.64881180428139,68.51139117820551,29.45619497288731,1339.249317225409
62000.0,23.016874877682348,-0.003184771312673,33.44203987574889,65.66934022225402,28.802457805585348,1343.9163876271991
62200.0,22.970562407890306,-0.0002315623489602,32.55739699532639,55.18069867283782,28.15485867593005,1348.5151313557562
62400.0,23.737405509791824,0.0038342155095076,31.54296189287805,58.504632587430805,27.51364020763352,1353.1859281475245
62600.0,22.950064076154213,-0.003936707168188,30.59538645141292,55.82746364648721,26.87903390972678,1357.854675106119
62800.0,22.20959789973479,-0.0037023308820971,29.75669087887402,51.87340989866016,26.251260157597308,1362.370641303708
63000.0,22.89202025391378,0.0034121117708949,28.82667766732495,54.04243180363912,25.63052819081461,1366.8808031190729
63200.0,23.04733305066254,0.0007765639837437,27.832575695964177,55.38685135243123,25.017036127360345,1371.4747384495306
63400.0,22.809047868242764,-0.0011914259120988,26.847219133048068,54.51361399094312,24.410970993854946,1376.0603765414212
63600.0,24.18973456702073,0.0069034334938898,25.65094300175648,60.35874458230689,23.812508771349407,1380.7602547849474
63800.0,23.386624419793367,-0.0040155507361368,24.504023826691704,58.26019525445754,23.22181445622882,1385.5178906836286
64000.0,23.293351929871008,-0.0004663624496117,23.39562362238449,56.500668377338464,22.639042135754444,1390.185888318595
64200.0,23.407846244802883,0.0005724715746593,22.255038655166327,56.90920582626632,22.06433507775259,1394.8560081360624
64400.0,23.811920330915484,0.002020370430563,21.03261032969971,58.84301117694609,21.49782583394124,1399.5779847936344
64600.0,22.273458041874715,-0.0076923114452038,20.00000000001369,52.485881928277685,20.93963635637052,1404.1865226309133
64800.0,4.470203895851874e-19,-0.1113672902093735,20.66742645259764,0.0,20.38987812643917,1406.413868435101
64800.0,8.751696298273953e-20,,54.62862140736398,,,1406.413868435101
65000.0,26.299814239682743,0.1314990711984137,54.13122914121255,47.32261877507066,32.12728504414436,1409.0438498590693
65200.0,23.936487877662152,-0.0118166318101029,52.931046115423015,69.47327898225589,32.80768754438585,1414.067480070804
65400.0,24.31854104977437,0.0019102658605611,51.80051027553361,68.03041210145575,33.49254219283432,1418.8929829635474
65600.0,23.8141222459398,-0.0025220940191728,50.75545967870184,66.10782630502501,34.18153057181455,1423.7062492931188
65800.0,23.604268820280197,-0.001049267128298,49.7876644676359,64.44046763975021,34.87432394168563,1428.4480883997408
66000.0,23.510289733648012,-0.0004698954331608,48.86598122651036,63.72800643972028,35.57058342333493,1433.1595442551336
66200.0,23.790414964476994,0.0014006261541448,47.92804743350536,64.92383757592073,36.26996019961767,1437.889614724946
66400.0,24.253604431398564,0.0023159473346078,46.92831625587386,67.51388321240533,36.97209573576342,1442.6940166645336
66600.0,24.24600366271084,-3.800384343861651e-05,45.79689543858549,72.24152798689101,37.67662201873136,1447.5439774739446
66800.0,23.991459411375853,-0.0012727212566749,44.72981336627782,70.98251912445492,38.38316181545541,1452.367723781353
67000.0,23.732022688565767,-0.0012971836140504,43.73850150131872,69.37590642438079,39.09132894988052,1457.1400719913474
67200.0,24.22424135263798,0.002461093320361,42.70423041521955,71.3977102789787,39.80072859864904,1461.935698395468
67400.0,23.77423067007108,-0.0022500534128345,41.74233281108996,69.89692941141404,40.51095760525495,1466.7355455977388
67600.0,23.850466354956847,0.0003811784244288,40.81179898542624,69.64941318646767,41.22160481244125,1471.4980153002416
67800.0,24.01730583154395,0.0008341973829355,39.87477261510907,70.55840702576319,41.93225141257369,1476.2847925188917
68000.0,24.7687224542788,0.0037570831136742,38.83219612657987,74.49318304024786,42.64247131568079,1481.163395347474
68200.0,23.7620327105013,-0.0050334487188875,37.94061544374403,70.58962139544373,43.35183153480877,1486.016470863952
68400.0,24.923210962186563,0.0058058912584263,37.16268509573546,67.82566471995779,44.05989258829614,1490.8849952312207
68600.0,0.0,0.0,38.62802744986088,0.0,44.76620891853169,1490.8849952312207
68800.0,0.0,0.0,40.11641793518713,0.0,45.470329326716964,1490.8849952312207
69000.0,0.0,0.0,41.6277697329977,0.0,46.171797423112956,1490.8849952312207
69200.0,0.0,0.0,43.16198093077873,0.0,46.87015209221039,1490.8849952312207
69400.0,0.0,0.0,44.718934383224614,0.0,47.56492797222186,1490.8849952312207
69600.0,0.0,0.0,46.29849758938684,0.0,48.25565594825583,1490.8849952312207
69800.0,0.0,0.0,47.90052258639151,0.0,48.94186365849267,1490.8849952312207
70000.0,0.0,0.0,49.52484586012791,0.0,49.62307601264706,1490.8849952312207
70200.0,0.0,0.0,51.17128827328546,0.0,50.298815721963365,1490.8849952312207
70400.0,23.80440402730493,-0.0055940346744081,56.281381503802045,63.94605662930858,50.9686038399567,1495.7577567301698
70600.0,23.853352551742645,0.0002447426221885,55.91691479004314,62.76641841841251,51.63196031307813,1500.5235323880747
70800.0,24.294048354324328,0.0022034790129084,55.50371144872563,64.91176661770051,52.288404540450735,1505.3382724786811
71000.0,23.860286506039508,-0.0021688092414241,55.1608395015028,63.4121939294506,52.93745594179266,1510.1537059647178
71200.0,23.8155131944909,-0.000223866557743,54.86362482666048,62.65854284904695,53.57863453261444,1514.9212859347708
71400.0,23.81269919261585,-1.4070009375242166e-05,54.5893714012262,62.589903652768605,54.21146150575096,1519.6841071734814
71600.0,23.805796484052653,-3.451354281599705e-05,54.33671415498014,62.55413869108087,54.8354598182636,1524.4459567411482
71800.0,23.83943360613289,0.0001681856104011,53.822266690636496,71.16652481842283,55.45015478272435,1529.2104797501668
72000.0,23.862667310944044,0.0001161685240557,53.32240627140157,71.32581046950044,56.055074661873775,1533.9806898418744
72200.0,23.782688279136803,-0.0003998951590362,52.85361135882403,70.97143584486838,56.64975126562464,1538.7452254008826
72400.0,23.79275565551864,5.033688190916763e-05,52.40597302583375,70.90907162222084,57.233720549367625,1543.502769794348
72600.0,23.850490774358683,0.0002886755942002,51.96750210894037,71.20180972361294,57.806523212520354,1548.2670944373358
72800.0,23.7863706104014,-0.0003206008197864,51.55491260613427,70.972314606976,58.367705296249646,1553.0307805758118
73000.0,23.800552346649127,7.090868123864169e-05,51.16096944046488,70.95178249048679,58.91681877928709,1557.7894728715169
73200.0,24.247643193728827,0.0022354542353984,50.71272582340181,73.14726467202817,59.453422170751445,1562.5942924255546
73400.0,23.79242428162507,-0.0022760945605187,50.333704827075074,71.5561725366678,59.97708109888636,1567.39829917309
73600.0,23.77099222851784,-0.0001071602655361,50.05468167268866,69.01152626112507,60.48736889462057,1572.1546408241045
73800.0,23.79787842032469,0.0001344309590342,49.78863764486663,69.11151221882125,60.9838671688581,1576.9115278889883
74000.0,23.59874218630956,-0.0009956811700756,49.56856061386948,68.1895196793726,61.46616638240953,1581.651189949652
74200.0,24.88877468416988,0.0064501624893016,49.16593616454588,74.23404333431633,61.93386640748094,1586.4999416367
74400.0,23.78342960610083,-0.0055267253903452,48.89612879540261,70.62919220697303,62.38657707964624,1591.3671620657271
74600.0,23.848389030673623,0.0003247971228639,48.68174315944834,69.37339991764253,62.823918739239616,1596.1303439294045
74800.0,23.843985892213496,-2.201569230063427e-05,48.478867127690464,69.44338553132204,63.24552276111836,1600.8995814216933
75000.0,23.82971995849946,-7.13296685701792e-05,48.29173217998678,69.36800472411099,63.65103207176323,1605.6669520067646
75200.0,23.79993862024715,-0.0001489066912615,48.1227109654312,69.20369975737559,64.0401016527025,1610.4299178646393
75400.0,23.841096896115065,0.0002057913793395,48.2505635053677,60.506503934206776,64.41239902926688,1615.1940214162755
75600.0,23.827958433461124,-6.569231326970737e-05,48.39045382460784,60.493955490921465,64.76760474370762,1619.960926949233
75800.0,23.54436543179601,-0.0014179650083255,48.58443241611137,59.17936684130223,65.10541281173548,1624.6981593357586
76000.0,23.820258322443365,0.0013794644532367,48.758282783053225,60.1144024514948,65.42553116156824,1629.434621711183
76200.0,23.83014995920284,4.9458183797366215e-05,48.930064172424096,60.47976060932519,65.72768205460511,1634.1996625393472
76400.0,24.208220626883616,0.0018903533384038,49.05330683560783,62.246539126617385,66.01160248688038,1639.003499597956
76600.0,23.803989888967077,-0.0020211536895827,49.23215398420405,60.81326418086956,66.27704457048391,1643.804720649541
76800.0,23.82259836052789,9.304235780410508e-05,49.4317527342321,60.426034080817615,66.52377589417479,1648.5673794744905
77000.0,24.280873433838195,0.0022913753665515,49.40074597129914,67.69883647005535,66.75157986245362,1653.377726653927
77200.0,24.246501151265303,-0.0001718614128644,49.36200870003494,68.14367964952162,66.96025601240093,1658.2304641124374
77400.0,23.867297596841876,-0.0018960177721171,49.39062493867952,66.27539421704151,67.14962030763336,1663.0418439872485
77600.0,23.80975877985136,-0.0002876940849525,49.449687099020124,65.51515641036873,67.319505408774,1667.8095496249175
77800.0,23.371625447935862,-0.0021906666595774,49.58306011584069,63.395215256011966,67.46976091988039,1672.5276880476963
78000.0,23.823288419483784,0.0022583148577396,49.66976954627287,64.95128051061917,67.60025361032235,1677.2471794344383
78200.0,23.82512299586062,9.17288188418297e-06,49.7411059680247,65.53153992713287,67.71086761165148,1682.0120205759729
78400.0,23.797504696645422,-0.0001380914960759,49.81959373037575,65.40370344922965,67.80150458905484,1686.7742833452237
78600.0,23.811180282767133,6.83779306085519e-05,49.89943272604504,65.43300256934162,67.87208388703797,1691.5351518431646
78800.0,23.94507773330325,0.0006694872526806,50.12248433467752,61.10831600531206,67.92254264903494,1696.3107776447716
79000.0,23.816252673674036,-0.0006441252981461,50.36087027830312,60.67014533293541,67.95283591069706,1701.086910685469
79200.0,23.837038754804883,0.0001039304056542,50.60152913795057,60.61080850443697,67.96293666666666,1705.8522398283171
79400.0,23.713977764026048,-0.0006153049538941,50.85973735688893,60.06457482213021,67.95283591069706,1710.6073414802004
79600.0,23.82445478141348,0.0005523850869371,51.1050313731886,60.42881045107977,67.92254264903494,1715.3611847347445
79800.0,23.83384732704218,4.696272814351588e-05,51.34287730999479,60.60589051760912,67.87208388703797,1720.12701494559
80000.0,23.441893875529548,-0.0019597672575631,51.637283495735325,58.80739561468152,67.80150458905484,1724.854589065847
80200.0,24.145486796581945,0.0035179646052619,51.83760016782191,61.591193279406255,67.71086761165148,1729.6133271330582
80400.0,23.72912295069555,-0.0020818192294319,52.06979781086184,60.50661561545227,67.60025361032235,1734.400788107786
80600.0,23.72439962611108,-2.361662292235778e-05,51.94062829073722,71.41588975968726,67.46976091988039,1739.1461403654666
80800.0,23.74863558429529,0.000121179790921,51.80289920263523,71.52712905028993,67.319505408774,1743.8934438865072
81000.0,23.794019426013183,0.0002269192085895,51.65121338725167,71.7836219676012,67.14962030763336,1748.6477093875385
81200.0,23.73275653972105,-0.0003063144314606,51.500966137682,71.5503094867547,66.96025601240093,1753.4003869841115
81400.0,23.72104182889272,-5.857355414168097e-05,51.348651909581726,71.40477953091734,66.75157986245362,1758.145766820973
81600.0,23.777236084258504,0.0002809712768289,51.18047055434024,71.66171629680258,66.52377589417479,1762.895594612288
81800.0,23.80575044249627,0.0001425717911888,50.99698684566587,71.88247187048589,66.27704457048391,1767.6538932649637
82000.0,0.0,0.0,53.15775943116113,0.0,66.01160248688038,1767.6538932649637
82200.0,0.0,0.0,55.30923838548536,0.0,65.72768205460511,1767.6538932649637
82400.0,0.0,0.0,57.45082696687875,0.0,65.42553116156823,1767.6538932649637
82600.0,0.0,0.0,59.581937042549306,0.0,65.10541281173548,1767.6538932649637
82800.0,0.0,0.0,61.70198957098491,0.0,64.76760474370761,1767.6538932649637
83000.0,0.0,0.0,63.81041507112458,0.0,64.41239902926688,1767.6538932649637
83200.0,0.0,0.0,65.90665407775968,0.0,64.04010165270249,1767.6538932649637
83400.0,0.0,0.0,67.99015758256373,0.0,63.65103207176323,1767.6538932649637
83600.0,0.0,0.0,70.06038746017806,0.0,63.24552276111836,1767.6538932649637
83800.0,23.79504174447917,-5.3543490085470326e-05,70.66626227486334,71.87153560000894,62.823918739239616,1772.4139724836612
84000.0,23.80276640932192,3.862332421373793e-05,70.58862492995614,64.75839796656177,62.38657707964624,1777.1737532990412
84200.0,23.80347227728338,3.5293398072866464e-06,70.49571765812806,64.77218356182985,61.93386640748094,1781.9343771677018
84400.0,23.81911942308929,7.823572902955433e-05,70.38501794151884,64.84804272482108,61.46616638240953,1786.696636337739
84600.0,23.798530998537807,-0.0001029421227574,70.26106691840694,64.77057092492697,60.9838671688581,1791.4584013799015
84800.0,23.63896871812039,-0.000797811402087,70.14668280920918,63.98180343061227,60.48736889462057,1796.2021513515674
85000.0,23.801025344484945,0.0008102831318227,69.99731199722471,64.54035940501247,59.97708109888636,1800.946150757828
85200.0,23.771338667456316,-0.0001484333851431,69.82831907894703,64.61615582413438,59.453422170751445,1805.7033871590224
85400.0,24.2880230502941,0.0025834219141889,69.56147099351283,67.06902778930292,58.91681877928709,1810.509323330797
85600.0,23.758587025538443,-0.0026471801237782,69.3373699120326,65.21399333547059,58.367705296249646,1815.3139843383808
85800.0,23.70642067302928,-0.0002608317625458,69.14434752359352,63.70335717933357,57.806523212520354,1820.0604851082371
86000.0,23.737037884730825,0.0001530860585077,68.93001772448586,63.78149591210723,57.233720549367625,1824.8048309640133
86200.0,23.74729845681413,5.130286041651999e-05,68.69375519836314,63.8675714386736,56.64975126562464,1829.553264598168
86400.0,24.10842108802152,0.0018056131560369,68.38193203595755,65.58127227336408,56.055074661873775,1834.3388365526516
86600.0,23.79146285857549,-0.0015847911472301,68.08433801264546,64.54165219490855,55.45015478272435,1839.128824947311
86800.0,23.62991103127094,-0.0008077591365227,67.8044141526168,63.387133742138445,54.8354598182636,1843.870962336296
87000.0,23.53839550704665,-0.0004575776211214,67.52446411898242,62.76393503328142,54.21146150575096,1848.587792990128
87200.0,23.70882011612214,0.0008521230453774,67.2016108272909,63.44180259379051,53.57863453261444,1853.3125145524443
87400.0,23.67524280948497,-0.0001678865331858,66.85598921117099,63.49619631425614,52.93745594179266,1858.050920845005
87600.0,23.10201558628559,-0.0028661361159969,66.19845234015926,72.3761559498589,52.288404540450735,1862.728646684582
87800.0,23.618439815368355,0.0025821211454138,65.46535340169999,74.02813288300858,51.63196031307813,1867.4006922247477
88000.0,23.69391101304973,0.0003773559884068,64.67025157168582,75.25896474688979,50.9686038399567,1872.1319273075887
88200.0,23.61877441945846,-0.0003756829679563,63.86161125842966,75.0027772919396,50.29881572196336,1876.86319585084
88400.0,23.7686792596178,0.0007495242007967,63.0099982453101,75.63985356345003,49.62307601264706,1881.601941218748
88600.0,23.795531055682314,0.0001342589803225,62.12337294970816,76.0282664391315,48.94186365849267,1886.3583622502777
88800.0,23.69746751106016,-0.0004903177231107,61.22921210062,75.57226988789887,48.25565594825583,1891.107662106952
89000.0,23.738238816322333,0.0002038565263108,60.31100104627459,75.61627568247437,47.56492797222187,1895.8512327396904
89200.0,23.78836767511809,0.0002506442939787,59.35943562715045,75.94047564645248,46.87015209221038,1900.6038933888344
89400.0,23.86248510481712,0.0003705871484951,58.82062824854099,62.63236283963191,46.17179742311296,1905.368978666828
89600.0,23.91765767782076,0.0002758628650181,58.2474948757469,62.97955386557637,45.47032932671696,1910.146992945092
89800.0,23.96095208359455,0.0002164720288689,57.64247689556085,63.24950821321588,44.766208918531696,1914.934853921233
90000.0,23.99097800889376,0.000150129626496,57.007988721550085,63.44350630432484,44.05989258829614,1919.7300469304816
90200.0,23.82782101559082,-0.0008157849665146,56.37412208176437,62.71645738026325,43.35183153480877,1924.5119268329304
90400.0,23.800195433211364,-0.0001381279118972,55.727706416923816,62.39046987655991,42.64247131568079,1929.2747284778104
90600.0,23.882514063859198,0.0004115931532391,55.04660455157185,62.73991339907592,41.93225141257369,1934.0429994275175
90800.0,23.89324587921996,5.3659076803835856e-05,54.337328829284765,62.88997812831165,41.22160481244125,1938.8205754218257
91000.0,23.860074082962072,-0.0001658589812894,53.520810913731616,65.45557992540283,40.51095760525495,1943.595907418044
91200.0,23.622910381887703,-0.0011858185053718,52.71886183896613,64.3002728327345,39.80072859864904,1948.3442058645287
91400.0,23.712265965789,0.0004467779195064,51.889691960089685,64.4224687495555,39.09132894988052,1953.0777234992963
91600.0,23.70675649840695,-2.754733691025635e-05,51.03454151404248,64.5080079421977,38.38316181545541,1957.819625745716
91800.0,23.716051182156097,4.6473418745733855e-05,50.15506726689864,64.5445602689756,37.67662201873136,1962.561906513772
92000.0,23.528044711424453,-0.0009400323536582,49.28080604136903,63.6807761756929,36.97209573576342,1967.2863161031305
92200.0,23.38484034875939,-0.0007160218133253,48.41267886537509,62.79124542623221,36.26996019961767,1971.9776046091488
92400.0,24.106248946152053,0.0036070429869633,47.41766832693873,65.96815537256562,35.57058342333493,1976.72671353864
92600.0,23.667182144259023,-0.0021953340094651,46.437593868511854,64.81559864662644,34.87432394168563,1981.504056647681
92800.0,23.311792615791564,-0.0017769476423372,45.361153156143615,67.066794334664,34.18153057181455,1986.201954123686
93000.0,23.2039612943784,-0.0005391566070658,44.29381512623412,66.09971900656959,33.49254219283432,1990.8535295147028
93200.0,23.655662639912315,0.0022585067276695,43.13943631779156,68.07396014230571,32.80768754438585,1995.539491908132
93400.0,23.32817231566593,-0.0016374516212319,41.993725079215984,67.12876338262872,32.12728504414436,2000.23787540369
93600.0,23.60898363685398,0.0014040566059402,40.79674728234248,68.01931431869671,31.45164262421155,2004.9315909989416
93800.0,23.66949899084374,0.0003025767699487,39.55607676543593,68.68354187779225,30.78105758629637,2009.659439261712
94000.0,23.845024127936,0.0008776256854613,38.26343723061272,69.60595426439937,30.115816475550236,2014.4108915735897
94200.0,23.93751505174032,0.0004624546190215,36.92666452434603,70.29460114933572,29.45619497288731,2019.1891454915567
94400.0,23.97245066190433,0.00017467805082,35.55872574657732,70.59298746642071,28.802457805585348,2023.9801420629217
94600.0,23.80768131996837,-0.0008238467096798,34.51837718520157,59.93750722595868,28.15485867593005,2028.7581552611089
94800.0,23.632356859009093,-0.0008766223047963,33.489268147561226,58.95292130754504,27.51364020763352,2033.5021590790063
95000.0,23.911396999647767,0.0013952007031933,32.40424914399257,60.02636446874895,26.87903390972678,2038.2565344648724
95200.0,23.657778485592083,-0.0012680925702784,31.326258343130743,59.18387912392598,26.251260157597308,2043.0134520133963
95400.0,23.828657228244342,0.0008543937132612,30.211785349267416,59.67767815333895,25.63052819081461,2047.76209558478
95600.0,24.162307003069177,0.0016682488741241,29.020630507564466,61.406816541384096,25.017036127360345,2052.561192007912
95800.0,23.850428185240112,-0.0015593940891453,27.844203871239586,60.35080473358072,24.410970993854946,2057.362465526742
96000.0,24.1663026181541,0.0015793721645699,26.612181196089395,61.45080149718768,23.812508771349407,2062.164138607081
96200.0,23.862932830745823,-0.0015168489370413,25.39479006839369,60.413113407333135,23.22181445622882,2066.967062151972
96400.0,24.71786704391013,0.0042746710658215,24.055055407086343,63.56793603869317,22.639042135754444,2071.825142139437
96600.0,24.750306405051504,0.0001621968057068,22.656518822636087,64.78962773270649,22.06433507775259,2076.7719594843334
96800.0,24.008093137699237,-0.0037110663367613,21.354082784127957,61.28724681036477,21.49782583394124,2081.6477994386087
97000.0,24.41314777976728,0.0020252732103402,19.99999999999147,62.30686541173979,20.93963635637052,2086.489923530355
97200.0,2.557739557636218e-19,-0.1220657388988364,20.667426452575423,0.0,20.38987812643917,2088.931238308332
97200.0,1.1773537178123399e-20,,54.628621407341775,,,2088.931238308332
97400.0,25.108945900076,0.1255447295003799,54.2481619219312,43.75032232343722,32.12728504414436,2091.442132898339
97600.0,24.54114188620712,-0.0028390200693444,53.00447781517545,70.8022370057742,32.80768754438585,2096.4071416769675
97800.0,24.663830581121765,0.0006134434745732,51.79009138686703,70.59204757765649,33.49254219283432,2101.3276389237003
98000.0,24.5547466560678,-0.0005454196252698,50.61030420403066,70.22402900746539,34.18153057181455,2106.249496647419
98200.0,23.156033259701427,-0.0069935669818318,49.6805821190667,63.277333637334856,34.87432394168563,2111.020574638996
98400.0,24.639232405611168,0.0074159957295487,48.602523505760175,68.50527405984903,35.57058342333493,2115.8001012055274
98600.0,23.60808555093396,-0.005155734273386,47.64428537757305,65.54413501573421,36.26996019961767,2120.624833001182
98800.0,23.63454557185184,0.0001323001045894,46.74922569590317,64.31616901077862,36.97209573576342,2125.3490961134607
99000.0,23.89667693794466,0.0013106568304641,45.701622409272616,69.68090242529452,37.67662201873136,2130.1022183644404
99200.0,24.265073124578844,0.0018419809331709,44.60684397333279,71.82864303341701,38.38316181545541,2134.9183933706927
99400.0,23.390147988332203,-0.0043746256812332,43.65707744186153,68.10669648632769,39.09132894988052,2139.683915481984
99600.0,23.861963721463905,0.0023590786656585,42.69527316779871,69.18384917126822,39.80072859864904,2144.409126652963
99800.0,23.2586010920505,-0.003016813147067,41.82972568936806,66.9534330713112,40.51095760525495,2149.121183134315
100000.0,23.47390734056448,0.0010765312425698,40.980076346591545,67.17839223426355,41.22160481244125,2153.7944339775763
100200.0,23.907992965033824,0.0021704281223467,40.0771478935844,69.51671565194215,41.93225141257369,2158.5326240081363
100400.0,24.01167564310544,0.000518413390358,39.161655228638814,70.61077222976854,42.64247131568079,2163.32459086895
100600.0,23.668059303940908,-0.0017180816958226,38.31895553170382,69.09630727617296,43.35183153480877,2168.0925643636547
100800.0,24.176056175764643,0.0025399843591186,37.66253208618684,64.11362884883985,44.05989258829614,2172.8769759116253
101000.0,23.96576199097333,-0.0010514709239565,37.04070179769129,63.76312423207092,44.766208918531696,2177.691157728299
101200.0,0.0,0.0,38.52909228301753,0.0,45.470329326716964,2177.691157728299
101400.0,0.0,0.0,40.04044408082812,0.0,46.171797423112956,2177.691157728299
101600.0,0.0,0.0,41.57465527860914,0.0,46.87015209221039,2177.691157728299
101800.0,0.0,0.0,43.131608731055024,0.0,47.56492797222186,2177.691157728299
102000.0,0.0,0.0,44.711171937217244,0.0,48.25565594825583,2177.691157728299
102200.0,0.0,0.0,46.31319693422192,0.0,48.94186365849267,2177.691157728299
102400.0,0.0,0.0,47.937520207958315,0.0,49.62307601264706,2177.691157728299
102600.0,0.0,0.0,49.58396262111587,0.0,50.298815721963365,2177.691157728299
102800.0,0.0,0.0,51.25232935892132,0.0,50.9686038399567,2177.691157728299
103000.0,24.28194976439364,0.0015809388671015,52.47234228443963,64.99956482313245,51.63196031307813,2182.515928903836
103200.0,23.583403086105857,-0.0034927333914389,52.1514423076646,62.09189883092758,52.288404540450735,2187.3024641888856
103400.0,23.822478437396068,0.001195376756451,51.843367144366894,62.34915218053756,52.93745594179266,2192.043052341236
103600.0,24.03185896436841,0.0010469026348617,51.51441005934899,63.62827347991144,53.57863453261444,2196.8284860814124
103800.0,24.315641025329413,0.0014189103048049,51.15318754522797,65.2468093121481,54.21146150575096,2201.663236080382
104000.0,24.899181064819462,0.0029177001974502,50.70697952891015,68.46711471677295,54.8354598182636,2206.5847182893967
104200.0,23.675141107468157,-0.0061201997867565,50.16850123300421,71.9006667226506,55.45015478272435,2211.4421505066257
104400.0,24.46353556166688,0.0039419722709936,49.58018680269034,74.02808050796257,56.055074661873775,2216.25601817354
104600.0,23.80779155395913,-0.0032787200385387,49.07983295843578,71.93556120760168,56.64975126562464,2221.083150885102
104800.0,23.917727597178587,0.0005496802160972,48.61127060358908,71.54830048993435,57.233720549367625,2225.855702800216
105000.0,23.92527323015262,3.7728164870163286e-05,48.155207987227705,71.73923614236031,57.806523212520354,2230.6400028829485
105200.0,23.912875851654167,-6.198689249226064e-05,47.71914001959132,71.68958170754146,58.367705296249646,2235.4238177911293
105400.0,24.560204875666447,0.0032366451200613,47.197404085483846,74.85585156627052,58.91681877928709,2240.271125863861
105600.0,23.93851513434089,-0.0031084487066277,46.76327217430473,72.71615205727366,59.453422170751445,2245.120997864862
105800.0,24.81056077153356,0.0043602281859633,46.23399465043936,76.14650945297356,59.97708109888636,2249.9959054554497
106000.0,23.308901028525582,-0.0075082987150398,45.98191153599065,68.18850804102821,60.48736889462057,2254.807851635456
106200.0,24.076319410714184,0.003837091910943,45.693062148201065,69.80821596583031,60.9838671688581,2259.5463736793795
106400.0,24.89999961236327,0.0041184010082454,45.249407658959456,75.01981102874075,61.46616638240953,2264.444005581687
106600.0,24.90269845789668,1.3494227667028011e-05,44.77864969102658,76.31552232782984,61.93386640748094,2269.4242753887133
106800.0,24.24757148220712,-0.0032756348784477,44.43215396507387,72.97202150750132,62.38657707964624,2274.3393023827234
107000.0,23.464918236763577,-0.0039132662272177,44.25730787124929,68.16546690558077,62.823918739239616,2279.110551354621
107200.0,23.96170402424585,0.0024839289374113,44.05342648137405,69.47409922180704,63.24552276111836,2283.853213580722
107400.0,24.442395989520826,0.0024034598263748,43.76222367305066,72.5472778660429,63.65103207176323,2288.693623582098
107600.0,23.793654116003815,-0.003243709367585,43.56585591421791,70.03913668504336,64.0401016527025,2293.517228592651
107800.0,23.1462579101485,-0.0032369810292765,43.79726764575621,57.34277063077153,64.41239902926688,2298.211219795266
108000.0,23.646148062940867,0.0024994507639618,43.99025537246184,58.87182969285032,64.76760474370762,2302.890460392575
108200.0,23.890969471143105,0.0012241070410111,44.13914697751992,60.55677427721075,65.10541281173548,2307.6441721459832
108400.0,24.208392999205515,0.001587117640312,44.24077211353293,62.3208832563709,65.42553116156824,2312.454108393018
108600.0,23.705917338441463,-0.0025123783038202,44.41651359693663,60.358779736621976,65.72768205460511,2317.2455394267827
108800.0,24.057596947456684,0.0017583980450761,44.56758306808685,61.39643014324111,66.01160248688038,2322.0218908553725
109000.0,24.22529877253188,0.0008385091253759,44.68785827696092,62.6026369393818,66.27704457048391,2326.8501804273715
109200.0,24.520495932285318,0.0014759857987671,44.76358233919072,64.210405793054,66.52377589417479,2331.7247598978533
109400.0,24.44657333991514,-0.0003696129618508,44.67544283608129,69.44424168244693,66.75157986245362,2336.621466825073
109600.0,24.15733528975376,-0.0014461902508069,44.64359096825627,67.93333057445504,66.96025601240093,2341.48185768804
109800.0,23.701229948106505,-0.0022805267082362,44.70177876197561,65.37198320950822,67.14962030763336,2346.2677142118264
110000.0,24.2075750011435,0.0025317252651849,44.70608294882928,67.18801250039456,67.319505408774,2351.058594706751
110200.0,24.06195706348912,-0.0007280896882718,44.716344816789714,67.15626085368856,67.46976091988039,2355.8855479132144
110400.0,24.155603509819183,0.0004682322316503,44.72244027469667,67.41403737126495,67.60025361032235,2360.7073039705456
110600.0,23.9097139737535,-0.0012294476803284,44.766662788130176,66.35986982625754,67.71086761165148,2365.5138357189026
110800.0,24.011535064205823,0.0005091054522616,44.80841895292648,66.52585375452799,67.80150458905484,2370.3059606226984
111000.0,23.95288941847637,-0.0002932282286472,44.85729901599058,66.3787979604299,67.87208388703797,2375.102403070967
111200.0,24.12816768109148,0.0008763913130755,45.04647008565373,62.14336647082537,67.92254264903494,2379.9105087809235
111400.0,23.817696284271552,-0.0015523569840996,45.27733941709043,60.899777835306,67.95283591069706,2384.70509517746
111600.0,24.54129267830857,0.003617981970185,45.409185773819424,63.93503046859605,67.96293666666666,2389.540994073718
111800.0,23.92074641252156,-0.003102731328935,45.60743528646243,61.89631329945277,67.95283591069706,2394.387197982801
112000.0,24.57673773351947,0.0032799566049895,45.72803170037445,64.23832220402235,67.92254264903494,2399.236946397405
112200.0,24.219014136908424,-0.0017886179830552,45.875497965063296,63.36698950079346,67.87208388703797,2404.116521584448
112400.0,24.972320971260714,0.0037665341717614,45.91628933710478,66.5553281731881,67.80150458905484,2409.0356550952647
112600.0,23.417979483014424,-0.0077717074412314,46.16706588440092,60.04964409175447,67.71086761165148,2413.874685140692
112800.0,24.636829514374043,0.006094250156798,45.90989109314416,75.45694348321638,67.60025361032235,2418.6801660404312
113000.0,23.87321236324382,-0.0038180857556511,45.71304082120281,73.48353672768835,67.46976091988039,2423.531170228193
113200.0,24.357723367278712,0.0024225550201744,45.46964464312214,74.75525864913821,67.319505408774,2428.354263801245
113400.0,23.851327398189948,-0.0025319798454438,45.27948945347157,72.95886135145756,67.14962030763336,2433.175168877792
113600.0,0.0,0.0,47.47131452752725,0.0,66.96025601240093,2433.175168877792
113800.0,0.0,0.0,49.65630895837679,0.0,66.75157986245362,2433.175168877792
114000.0,0.0,0.0,51.83384663085386,0.0,66.52377589417479,2433.175168877792
114200.0,0.0,0.0,54.00330799158984,0.0,66.27704457048391,2433.175168877792
114400.0,0.0,0.0,56.16408057708511,0.0,66.01160248688038,2433.175168877792
114600.0,0.0,0.0,58.315559531409335,0.0,65.72768205460511,2433.175168877792
114800.0,0.0,0.0,60.45714811280273,0.0,65.42553116156823,2433.175168877792
115000.0,0.0,0.0,62.58825818847329,0.0,65.10541281173548,2433.175168877792
115200.0,0.0,0.0,64.70831071690888,0.0,64.76760474370761,2433.175168877792
115400.0,24.46443472051078,0.0030655366116041,62.34821997449104,75.25667556692302,64.41239902926688,2438.006745089662
115600.0,24.393424432918312,-0.0003550514379623,61.96189819215704,75.84223210300576,64.0401016527025,2442.892531005005
115800.0,24.23229783629296,-0.0008056329831267,61.593094605872686,74.9179816327508,63.65103207176323,2447.755103231926
116000.0,23.85978972089142,-0.0018625405770076,61.2798485042189,72.81519116664109,63.24552276111836,2452.5643119876445
116200.0,24.193664044273863,0.0016693716169122,60.91674113154372,73.91684897446568,62.823918739239616,2457.369657364161
116400.0,23.514441788517832,-0.0033961112787801,60.86675033835962,63.91379581142051,62.38657707964624,2462.1404679474404
116600.0,24.36702265410034,0.0042629043279125,60.69785910810629,67.09349349172065,61.93386640748094,2466.928614391702
116800.0,23.736181155910813,-0.0031542074909476,60.57520104738204,65.21337013753622,61.46616638240953,2471.738934772703
117000.0,24.0213097155238,0.0014256427980649,60.41991538878771,65.72784403891552,60.9838671688581,2476.514683859846
117200.0,25.096716239134487,0.0053770326180534,60.06117659939567,71.44683891054747,60.48736889462057,2481.4264864553124
117400.0,23.893629613690155,-0.0060154331272216,59.83136073348695,66.99795580239763,59.97708109888636,2486.325521040595
117600.0,24.842600781689814,0.0047448558399983,59.48678922281082,69.9800818219077,59.453422170751445,2491.199144080133
117800.0,25.021991927264487,0.0008969557278733,59.04817983602768,72.31633554551281,58.91681877928709,2496.1856033510285
118000.0,23.95974640368535,-0.0053112276178956,58.78099966222582,66.53005960589606,58.367705296249646,2501.0837771841234
118200.0,23.7111083047816,-0.0012431904945187,58.57904878202986,63.97612260250634,57.806523212520354,2505.85086265497
118400.0,24.352120018167938,0.0032050585669316,58.26934673601036,66.69511805526287,57.233720549367625,2510.657185487265
118600.0,24.45138544613239,0.0004963271398222,57.89690162338863,68.02794945621842,56.64975126562464,2515.5375360336952
118800.0,24.101808086623382,-0.001747886797545,57.55613674941418,66.46544156179358,56.055074661873775,2520.392855386971
119000.0,23.760934912054957,-0.0017043658728421,57.263535004452095,64.3891380913157,55.45015478272435,2525.1791296868387
119200.0,23.44936083278545,-0.0015578703963474,57.012270571170575,62.51158825501394,54.8354598182636,2529.900159261322
119400.0,25.2352554558524,0.0089294731153347,56.47503879883306,70.62389215066224,54.21146150575096,2534.7686208901864
119600.0,23.757195024294237,-0.0073903021577908,56.07409298729137,65.82752907521233,53.57863453261444,2539.667865938201
119800.0,21.687831872415003,-0.0103468157593961,55.65805856829084,65.64730744225908,52.93745594179266,2544.212368627872
120000.0,25.63055311956796,0.0197136062357647,54.68918950443439,81.88735444126547,52.288404540450735,2548.9442071270705
120200.0,23.006056852009152,-0.013122481337794,53.92147247306141,75.08571562152243,51.63196031307813,2553.807868124228
120400.0,23.39602532192444,0.0019498423495764,53.20797684379878,72.76589531393009,50.9686038399567,2558.4480763416213
120600.0,23.59711613633993,0.0010054540720774,52.419000787943,74.4020342283578,50.29881572196336,2563.147390487448
120800.0,24.385628429612854,0.0039425614663646,51.46456404912591,78.7811183835093,49.62307601264706,2567.945664944043
121000.0,24.3616607266598,-0.0001198385147653,50.44648800861456,80.04408669611428,48.94186365849267,2572.8203938596703
121200.0,24.023223183846262,-0.0016921877140676,49.46566287674637,78.21986372682873,48.25565594825583,2577.658882250721
121400.0,24.54693081910057,0.0026185381762715,48.3915328315095,80.3796008542084,47.56492797222187,2582.515897651016
121600.0,24.56219136138557,7.630271142499368e-05,47.735200197219946,66.9211140697566,46.87015209221038,2587.4268098690645
121800.0,24.17737595899652,-0.0019240770119452,47.116215786127725,65.0817711819812,46.17179742311296,2592.3007666011026
122000.0,25.008985163093147,0.0041580460204831,46.35876931878506,68.6103189040347,45.47032932671696,2597.2194027133114
122200.0,24.37140791504358,-0.0031878862402478,45.64407274920376,66.60018911923959,44.766208918531696,2602.157442021125
122400.0,24.44902342219449,0.0003880775357545,44.921224042774696,66.1429205697037,44.05989258829614,2607.039485154849
122600.0,23.268254156066146,-0.0059038463306417,44.35450904296077,60.66497477912405,43.35183153480877,2611.811212912675
122800.0,24.777321987271968,0.0075453391560291,43.58052899009328,66.28756193078297,42.64247131568079,2616.615770527009
123000.0,24.46415688443053,-0.0015658255142071,42.768246660250405,66.74747658927254,41.93225141257369,2621.539918414179
123200.0,24.08768072702995,-0.0018823807870028,41.91525337895201,67.28054955610698,41.22160481244125,2626.395102175325
123400.0,24.001290612159085,-0.0004319505743543,41.06865300635347,66.37459898814036,40.51095760525495,2631.203999309244
123600.0,24.0517211260466,0.0002521525694375,40.194597421463,66.5031267170529,39.80072859864904,2636.0093004830646
123800.0,23.68881977899442,-0.0018145067352608,39.35146980284669,64.84887769860832,39.09132894988052,2640.7833545735684
124000.0,23.4944188650579,-0.0009720045696826,38.52958992405453,63.49159211255581,38.38316181545541,2645.501678437974
124200.0,24.39352850943202,0.0044955482218706,37.55429322380838,67.47193621125066,37.67662201873136,2650.290473175423
124400.0,24.24307110935508,-0.0007522870003846,36.54067043228694,67.9382720167429,36.97209573576342,2655.154133137302
124600.0,24.069735727337843,-0.0008666769100861,35.53792072033785,66.90396389966209,36.26996019961767,2659.9854138209707
124800.0,24.732418193156285,0.0033134123290922,34.41472306454574,69.88427180778427,35.57058342333493,2664.8656292130204
125000.0,24.29140957577305,-0.0022050430869161,33.156770300893484,73.30478087126109,34.87432394168563,2669.768011989913
125200.0,24.38485059461585,0.000467205094214,31.88199335745893,73.12596619374038,34.18153057181455,2674.6356380069524
125400.0,24.434199584999003,0.0002467449519157,30.5721346498026,73.50872571173515,33.49254219283432,2679.5175430249137
125600.0,24.715946215018626,0.001408733150098,29.191128918237453,74.99741264370151,32.80768754438585,2684.4325576049155
125800.0,24.53539904248297,-0.0009027358626782,27.803887192869738,74.50751975412871,32.12728504414436,2689.357692130666
126000.0,23.763754308075896,-0.0038582236720353,26.528584586532663,70.4121372478098,31.45164262421155,2694.1876074657216
126200.0,23.68683247529299,-0.0003846091639145,25.27833735455824,68.97611052311522,30.78105758629637,2698.932666144058
126400.0,26.0157107711377,0.0116443914792235,23.629102850652792,80.49993056986288,30.115816475550236,2703.9029204687013
126600.0,23.029386399625995,-0.0149316218575585,22.673570761361265,58.64770030074372,29.45619497288731,2708.807430185778
126800.0,24.482088598218272,0.0072635109929613,21.588608675959456,61.9480495146102,28.802457805585348,2713.5585776855623
127000.0,27.07578949521008,0.012968504484959,19.999999990497148,76.68685401680263,28.15485867593005,2718.714365494905
127200.0,0.0,0.0,20.90061014459317,0.0,27.51364020763352,2718.714365494905
127400.0,0.0,0.0,21.780447588446748,0.0,26.87903390972678,2718.714365494905
127600.0,0.0,0.0,22.639735973310813,0.0,26.251260157597304,2718.714365494905
127800.0,0.0,0.0,23.47870579952406,0.0,25.63052819081461,2718.714365494905
128000.0,0.0,0.0,24.29759405246548,0.0,25.017036127360342,2718.714365494905
128200.0,0.0,0.0,25.096643839498373,0.0,24.41097099385494,2718.714365494905
128400.0,0.0,0.0,25.876104028413245,0.0,23.812508771349403,2718.714365494905
128600.0,0.0,0.0,26.636228887864277,0.0,23.22181445622882,2718.714365494905
128800.0,0.0,0.0,27.377277730278493,0.0,22.639042135754444,2718.714365494905
129000.0,32.25656869780809,0.02590389601299,35.7191179009897,112.40426637973404,22.06433507775259,2724.647601314207
129200.0,32.935181700110675,0.0033930650115129,32.14936427396748,130.55379913946973,21.49782583394124,2731.166776353999
129400.0,32.60767449978749,-0.0016375360016159,28.57947883609153,129.99963648347992,20.93963635637052,2737.7210619739885
129600.0,-1.18177434921212e-20,-0.1630383724989374,29.24690528867548,0.0,20.38987812643917,2740.981829423968
129600.0,8.6736123958477255e-19,,63.20810024344182,,,2740.981829423968
129800.0,24.9507049434938,0.1247535247174689,62.84271678952868,43.28974956119102,32.12728504414436,2743.476899918317
130000.0,23.73698297851988,-0.0060686098248695,61.73696317166633,66.58846057008051,32.80768754438585,2748.3456687105186
130200.0,22.1076621555338,-0.0081466041149304,60.951452686047325,57.489887528494855,33.49254219283432,2752.930133223924
130400.0,22.8166882104297,0.0035451302744795,60.14674568736831,58.76532938145856,34.18153057181455,2757.42256826052
130600.0,22.77239341533275,-0.0002214739754847,59.34423936432033,59.39089211080165,34.87432394168563,2761.9814764230964
130800.0,22.74879539037453,-0.000117990124791,58.56965855130877,59.23402726083798,35.57058342333493,2766.533595303667
131000.0,22.51783636065052,-0.00115479514862,57.852354884304326,58.18358722660327,36.26996019961767,2771.0602584787694
131200.0,22.85081730571917,0.0016649047253432,57.11851035270514,59.39104617611864,36.97209573576342,2775.5971238454067
131400.0,22.93845276911068,0.0004381773169575,56.38207289992164,60.17478620126725,37.67662201873136,2780.1760508528896
131600.0,23.101342949526558,0.0008144509020793,55.50928859038408,65.04672247182782,38.38316181545541,2784.780030424753
131800.0,23.11196636086723,5.311705670337119e-05,54.65140864935082,65.29956114844676,39.09132894988052,2789.4013613557927
132000.0,23.090894065782265,-0.0001053614754248,53.81948103770371,65.21611713446833,39.80072859864904,2794.0216473984574
132200.0,23.106811311925988,7.958623071862902e-05,53.00927482936194,65.26275727009578,40.51095760525495,2798.641417936228
132400.0,22.739673687163044,-0.0018356881238147,52.276488329710574,63.60823237679079,41.22160481244125,2803.226066436137
132600.0,23.414464255248973,0.0033739528404296,51.48102687242635,66.2335989326066,41.93225141257369,2807.8414802303787
132800.0,22.21698200066095,-0.0059874112729401,50.85967625841907,61.624732573603055,42.64247131568079,2812.4046248559694
133000.0,22.76497412463121,0.0027399606198513,50.22795752703267,62.65083877866353,43.35183153480877,2816.9028204684987
133200.0,23.09798839070287,0.0016650713303583,49.54857114574206,64.8151465367243,44.05989258829614,2821.489116720032
133400.0,23.108392333557937,5.201971427533536e-05,49.09841646594419,58.518434386356375,44.766208918531696,2826.1097547924583
133600.0,23.11424666138737,2.9271639147161464e-05,48.67006702456447,58.556404760867714,45.47032932671696,2830.732018691953
133800.0,23.05676730335485,-0.0002873967901626,48.27286773116224,58.30623583655086,46.17179742311296,2835.349120088427
134000.0,23.09696943830248,0.0002010106747381,47.89477916230063,58.42075787093264,46.87015209221038,2839.9644937625926
134200.0,23.132167807909244,0.0001759918480338,47.532792850316845,58.62360980332616,47.56492797222187,2844.587407487214
134400.0,22.47392297402065,-0.0032912241694429,47.2873189226618,55.75488443811762,48.25565594825583,2849.148016565407
134600.0,22.605203434295777,0.0006564023013756,47.06854783504901,55.62532038506334,48.94186365849267,2853.6559292062384
134800.0,21.52925883209178,-0.0053797230110199,47.01655807106909,51.211363302233686,49.62307601264706,2858.069375432877
135000.0,22.289518034409127,0.0038012960115867,46.917690517915965,53.31921947079152,50.29881572196336,2862.451253119528
135200.0,22.35003397319532,0.0003025796939309,46.5453639057856,62.34318184053931,50.9686038399567,2866.915208320288
135400.0,22.249252159841053,-0.0005039090667713,46.20693123037507,61.9710785468697,51.63196031307813,2871.3751369335914
135600.0,22.891285882706335,0.0032101686143264,45.80056904733591,64.70276923229679,52.288404540450735,2875.889190737846
135800.0,22.49420044016236,-0.0019854272127199,45.44812444027019,63.70463868765061,52.93745594179266,2880.427739370133
136000.0,21.23991247638285,-0.0062714398188975,45.3105641589575,57.7811011267172,53.57863453261444,2884.801150661788
136200.0,22.464987917046027,0.0061253772033158,45.06816688121877,61.61669834066877,54.21146150575096,2889.1716407011304
136400.0,22.187628890024907,-0.0013867951351056,44.83905407730696,61.83485597776975,54.8354598182636,2893.636902381837
136600.0,22.110918769410823,-0.0003835506030704,44.65157408912582,61.177668421657714,55.45015478272435,2898.066757147781
136800.0,22.05323629905457,-0.0002884123517812,44.4949761817696,60.83914073160675,56.055074661873775,2902.483172654628
137000.0,22.096824543455828,0.0002179412220062,44.41391163001541,59.126273321714734,56.64975126562464,2906.898178738879
137200.0,23.299291124492523,0.0060123329051834,44.17510451341148,64.52927796161802,57.233720549367625,2911.4377903056734
137400.0,22.96788571401031,-0.001657027052411,43.95434230229584,64.55080876210302,57.806523212520354,2916.064507989524
137600.0,23.487638448131275,0.0025987636706048,43.68690503441678,66.53791382995499,58.367705296249646,2920.7100604057377
137800.0,22.68138671391849,-0.0040312586710639,43.53788925878915,63.46925072471134,58.91681877928709,2925.326962921943
138000.0,22.999935891404466,0.0015927458874298,43.39206814560056,63.908257178663206,59.453422170751445,2929.8950951824754
138200.0,23.136208833828547,0.0006813647121204,43.22951069842302,64.94321111016012,59.97708109888636,2934.5087096549987
138400.0,23.10016496436772,-0.0001802193473041,43.08334048079024,64.95286904330207,60.48736889462057,2939.132347034818
138600.0,22.9758409876023,-0.0006216198838271,42.97375449826696,64.3317189349443,60.9838671688581,2943.739947630015
138800.0,22.975225141961914,-3.079228201929851e-06,43.16199306674021,55.71547811555192,61.46616638240953,2948.335054242972
139000.0,22.992760962670708,8.767910354396946e-05,43.36305810250124,55.79132956498157,61.93386640748094,2952.931852853435
139200.0,23.06309068200002,0.0003516485966465,43.56827798822968,56.11710957064235,62.38657707964624,2957.537438017902
139400.0,22.295807263495924,-0.0038364170925204,43.89381681227754,52.87870766457726,62.823918739239616,2962.073327812452
139600.0,23.258561597904805,0.0048137716720444,44.12322777858255,56.23701774050031,63.24552276111836,2966.628764698592
139800.0,22.23141826521952,-0.0051357166634264,44.47858128339461,52.79498249975528,63.65103207176323,2971.177762684904
140000.0,22.558274563448744,0.0016342814911461,44.83409363587487,53.17919928443046,64.0401016527025,2975.6567319677706
140200.0,23.17833049034216,0.003100279634467,45.10409979054462,56.16371100410548,64.41239902926688,2980.23039247315
140400.0,22.99912692058988,-0.0008960178487613,45.39004566362499,56.03195832110262,64.76760474370762,2984.848138214243
140600.0,23.00541277019733,3.1429248037255774e-05,45.53217415658213,60.7633873518944,65.10541281173548,2989.448592183322
140800.0,23.0035342064098,-9.39281893767685e-06,45.68481883725107,60.762236167132336,65.42553116156824,2994.0494868809824
141000.0,22.93781917779112,-0.0003285751430933,45.85704419378831,60.46619741239257,65.72768205460511,2998.6436222194025
141200.0,23.039778273104545,0.0005097954765671,46.02611811775222,60.84639410978293,66.01160248688038,3003.241381964492
141400.0,23.07879370509517,0.0001950771599531,46.1942785394373,61.13974368800453,66.27704457048391,3007.853239162312
141600.0,23.110709323232893,0.0001595780906886,46.364324038152674,61.32888590842002,66.52377589417479,3012.472189465145
141800.0,23.157042484402965,0.0002316658058503,46.53376037521633,61.57529976515884,66.75157986245362,3017.0989646459084
142000.0,22.21714259566344,-0.0046994994436976,46.844771129421645,57.45887747142841,66.96025601240093,3021.636383153915
142200.0,23.338321160540268,0.0056058928243841,47.03482633776391,61.34343369277771,67.14962030763336,3026.191929529536
142400.0,23.23900139597117,-0.0004965988228454,47.36216825989174,57.31920968776865,67.319505408774,3030.849661785187
142600.0,23.075404009924124,-0.0008179869302352,47.72198519314786,56.477353608906206,67.46976091988039,3035.481102325776
142800.0,23.25770807587693,0.000911520329764,48.06542880247586,57.10805134535159,67.60025361032235,3040.114413534357
143000.0,22.290165134687133,-0.004837714705949,48.54503940160192,53.05876380835012,67.71086761165148,3044.669200855413
143200.0,21.86469047347281,-0.0021273733060716,49.11743647233748,50.31477407808336,67.80150458905484,3049.0846864162286
143400.0,22.84451177996428,0.0048991065324573,49.57132344703125,54.00583681014358,67.87208388703797,3053.5556066415725
143600.0,22.769800056863183,-0.0003735586155054,50.00392153161946,54.70667116486474,67.92254264903494,3058.1170378252555
143800.0,22.406104736495173,-0.00181847660184,50.491404820552695,53.06022143378676,67.95283591069706,3062.6346283045914
144000.0,22.109376263618948,-0.0014836423643811,51.03214639596076,51.44328153795088,67.96293666666666,3067.0861764046026
144200.0,22.46373271511368,0.0017717822574736,51.18245746017713,63.36083289888639,67.95283591069706,3071.543487302476
144400.0,22.81245210962557,0.0017435969725594,51.26551556402005,65.38511757663443,67.92254264903494,3076.07110578495
144600.0,22.228341287027177,-0.0029205541129919,51.41906099697424,63.18127091028686,67.87208388703797,3080.575185124615
144800.0,23.14348059145109,0.0045756965221195,51.458592550470655,66.5938156297395,67.80150458905484,3085.112367312463
145000.0,22.542039725582743,-0.0030072043293417,51.54648552433623,65.02573726005828,67.71086761165148,3089.6809193441663
145200.0,22.901272587197468,0.0017961643080736,51.60235404870112,65.89347019097451,67.60025361032235,3094.2252505754445
145400.0,23.06391017734888,0.000813187950757,51.61379565339477,67.12021989648956,67.46976091988039,3098.821768851899
145600.0,22.88607480911651,-0.0008891768411618,51.64030207055322,66.50973436458332,67.319505408774,3103.4167673505453
145800.0,22.028019430789897,-0.004290276891633,51.79662028656576,62.37409880844985,67.14962030763336,3107.908176774536
146000.0,22.680371313511987,0.0032617594136104,52.10927448692714,57.40867019136071,66.96025601240093,3112.3790158489664
146200.0,22.92819728740294,0.0012391298694547,52.35389744035882,59.278348635115336,66.75157986245362,3116.939872709058
146400.0,22.957934855044297,0.0001486878382067,52.57684568155476,59.712707125639504,66.52377589417479,3121.5284859233025
146600.0,22.76789575818415,-0.0009501954843007,52.81863179908652,58.89047867988859,66.27704457048391,3126.1010689846253
146800.0,22.68210511121226,-0.0004289532348594,53.07171178627237,58.280008878352014,66.01160248688038,3130.646069071565
147000.0,22.70133346007861,9.61417443317636e-05,53.316005441690045,58.2645108815949,65.72768205460511,3135.184412928694
147200.0,22.852804434324916,0.0007573548712315,53.52748625303886,58.96479237486129,65.42553116156824,3139.7398267181347
147400.0,23.052149346598704,0.0009967245613689,53.693032355136005,60.04797939266761,65.10541281173548,3144.330322096227
147600.0,23.08687188314265,0.0001736126827197,53.83431509827659,60.45141694076288,64.76760474370762,3148.944224219201
147800.0,21.044841109889045,-0.010210153866268,54.264283939568,51.27685092781414,64.41239902926688,3153.3573955185043
148000.0,21.36603134424945,0.001605951171802,54.70114994305821,50.69384524607624,64.0401016527025,3157.598482763918
148200.0,21.41762950059476,0.0002579907817265,55.10889863272467,51.19430960245301,63.65103207176323,3161.8768488484025
148400.0,21.231177223333333,-0.0009322613863071,55.52624136288075,50.49570235484912,63.24552276111836,3166.1417295207957
148600.0,23.11645564259518,0.0094263920963092,55.68038906685009,58.11470638297574,62.823918739239616,3170.576492807388
148800.0,22.60737873773367,-0.0025453845243075,55.825072550928056,57.96649664106497,62.38657707964624,3175.148876245421
149000.0,21.89506507419021,-0.0035615683177172,56.0730397181375,54.35846944923251,61.93386640748094,3179.599120626613
149200.0,21.841040660642324,-0.0002701220677394,56.336283135119295,53.42407999361592,61.46616638240953,3183.972731200097
149400.0,22.359542353157547,0.0025925084625761,56.51453649742355,55.538226950463454,60.9838671688581,3188.3927895014767
149600.0,23.15928973974056,0.003998736932915,56.54501944856856,59.55611473714056,60.48736889462057,3192.9446727107666
149800.0,22.88290821810476,-0.001381907608179,56.20101277414221,70.48648500261118,59.97708109888636,3197.548892506551
150000.0,22.599334186536165,-0.0014178701578429,55.8985087167448,68.69492112424243,59.453422170751445,3202.097116747015
150200.0,22.82111882082634,0.0011089231714508,55.55766422069422,69.32961813363251,58.91681877928709,3206.639162047752
150400.0,22.78307318844084,-0.0001902281619275,55.19379916759914,69.48378266830426,58.367705296249646,3211.199581248678
150600.0,22.68308098320873,-0.0004999610261605,54.82917700993362,68.94573012920125,57.806523212520354,3215.746196665843
150800.0,22.65958045103705,-0.0001175026608583,54.454414417841306,68.68271773778812,57.233720549367625,3220.280462809268
151000.0,22.80960483349842,0.0007501219123068,54.03817732127366,69.36579456576575,56.64975126562464,3224.8273813377214
151200.0,22.7584277489607,-0.0002558854226885,53.60306805254137,69.34766282164465,56.055074661873775,3229.384184595967
151400.0,22.12115385169548,-0.003186369486326,53.24967985339693,66.2461642665863,55.45015478272435,3233.8721427560326
151600.0,22.419126955229626,0.0014898655176707,53.26398531258843,54.3984280399629,54.8354598182636,3238.3261708367254
151800.0,22.463660235384555,0.0002226664007746,53.24188895463988,54.88650524107939,54.21146150575096,3242.8144495557867
152000.0,23.112494511434026,0.0032441713802473,53.10594323498093,57.73177626819462,53.57863453261444,3247.3720650304685
152200.0,23.0912872226868,-0.0001060364437361,52.92888649639684,58.34653930553647,52.93745594179266,3251.9924432038806
152400.0,23.073223775391785,-9.031723647508372e-05,52.73397067199771,58.24308297584449,52.288404540450735,3256.6088943036884
152600.0,23.052055374400407,-0.0001058420049568,52.521285836824696,58.1294820276134,51.63196031307813,3261.221422218668
152800.0,22.608191075369195,-0.002219321495156,52.351360744874974,56.15981539902035,50.9686038399567,3265.7874468636446
153000.0,22.38301750792224,-0.0011258678372347,52.20616997273702,54.73439381077792,50.29881572196336,3270.286567721974
153200.0,22.443261522884576,0.0003012200748116,52.037913179257735,54.76332105343914,49.62307601264706,3274.769195625054
153400.0,23.15961280046132,0.0035817563878837,51.65950293032184,60.50229676348374,48.94186365849267,3279.329483057389
153600.0,22.03653337370049,-0.0056153971338041,51.39374447768641,56.37457667626735,48.25565594825583,3283.8490976748053
153800.0,21.73219779420676,-0.0015216778974686,51.18477048773088,53.94908336536349,47.56492797222187,3288.225970791596
154000.0,22.61609962456676,0.0044195091517999,50.84159729160361,57.35409323389829,46.87015209221038,3292.6608005334733
154200.0,23.44703876350061,0.0041546956946692,50.32388936230957,61.98777466304607,46.17179742311296,3297.26711437228
154400.0,22.77011182409747,-0.0033846346970157,49.85122645267015,59.91018121620086,45.47032932671696,3301.88882943104
154600.0,22.92044319496108,0.000751656854318,49.358685321890725,59.81334046384257,44.766208918531696,3306.457884932945
154800.0,22.93663065931165,8.093732175286306e-05,48.8351065786865,60.055223193184766,44.05989258829614,3311.043592318373
155000.0,22.81954970245537,-0.0005854047842814,48.30475695612987,59.5540125039144,43.35183153480877,3315.619210354549
155200.0,22.82104312279309,7.4671016886007634e-06,47.61472958057022,63.72280763902871,42.64247131568079,3320.1832696370743
155400.0,22.89976247960052,0.0003935967840371,46.88971077777836,64.0815758378652,41.93225141257369,3324.755350197314
155600.0,22.92672253278354,0.000134800265915,46.13421653246201,64.30195400685533,41.22160481244125,3329.3379986985524
155800.0,23.136373520268403,0.0010482549374243,45.32295733493241,65.29492608978418,40.51095760525495,3333.9443083038573
156000.0,22.991507723942984,-0.000724328981627,44.5015557019265,64.89454848697893,39.80072859864904,3338.557096428279
156200.0,22.96839763407007,-0.0001155504493645,43.66635606765831,64.60667777677416,39.09132894988052,3343.15308696408
156400.0,22.968061652852292,-1.6799060888672555e-06,42.80897323049423,64.57620749081771,38.38316181545541,3347.746732892772
156600.0,23.01373015371788,0.0002283425043279,41.92164029537517,64.7846431866183,37.67662201873136,3352.344912073429
156800.0,23.250204236533804,0.0011823704140796,40.97373206514556,65.93069216927805,36.97209573576342,3356.9713055124544
157000.0,22.823377730689053,-0.0021341325292237,40.36790005273885,54.77812817864162,36.26996019961767,3361.5786637091765
157200.0,22.915580637220533,0.0004610145326573,39.74012986411835,54.74896268569204,35.57058342333493,3366.1525595459675
157400.0,23.037832239316558,0.0006112580104801,39.06925378110448,55.36958827775943,34.87432394168563,3370.7479008336213
157600.0,23.181084672688563,0.00071626216686,38.35119288912973,56.11829082164255,34.18153057181455,3375.3697925248216
157800.0,23.0638819743552,-0.0005860134916668,37.62251066687367,55.75378408275744,33.49254219283432,3379.994289189526
158000.0,22.47351338950701,-0.0029518429242409,36.958458028197896,53.094495655931176,32.80768754438585,3384.5480287259124
158200.0,22.51340246466488,0.0001994453757893,36.285030159064135,52.70050644618093,32.12728504414436,3389.0467203113294
158400.0,22.48732498978351,-0.0001303873744068,35.59183309249463,52.62881300790926,31.45164262421155,3393.5467930567743
158600.0,22.20032307684645,-0.0014350095646853,34.91662933913085,51.40853225156011,30.78105758629637,3398.015557863437
158800.0,22.580810700122328,0.0019024381163793,34.17656972354422,52.72463773172176,30.115816475550236,3402.493671241134
159000.0,22.89310922775268,0.0015614926381517,33.37511072888984,53.94076725957975,29.45619497288731,3407.0410632339217
159200.0,22.03917784396814,-0.0042696569189227,32.660242778972865,50.64167367554867,28.802457805585348,3411.5342919410937
159400.0,23.24895944189019,0.0060489079896102,31.784050754751867,54.92252501588086,28.15485867593005,3416.0631056696798
159600.0,22.20541065490921,-0.0052177439349049,30.993532976597905,51.663958330236674,27.51364020763352,3420.60854267936
159800.0,22.11039431278896,-0.0004750817106012,30.22630644067393,50.31780458220449,26.87903390972678,3425.0401231761293
160000.0,23.09012491735348,0.0048986530228225,29.307649281995783,54.31623635521427,26.251260157597308,3429.560175099144
160200.0,23.450079722483228,0.0017997740256487,28.2847345461238,56.88057337170424,25.63052819081461,3434.2141955631278
160400.0,22.337666970006584,-0.0055620637623832,27.38793548267073,52.41424751585196,25.017036127360345,3438.7929702323763
160600.0,22.34573587812648,4.034454059947734e-05,26.504274707738094,51.40680766804614,24.410970993854946,3443.261310517189
160800.0,22.721644593373597,0.0018795435762355,25.41339706202146,57.13882084799385,23.812508771349407,3447.76804856434
161000.0,22.690560320589,-0.0001554213639229,24.294470675901877,57.40501555218202,23.22181445622882,3452.309269055736
161200.0,21.313144304714505,-0.0068870800793724,23.348103684889335,51.5505537111869,22.639042135754444,3456.709639518266
161400.0,22.441789993621956,0.0056432284445372,22.27370123899409,54.88732979985215,22.06433507775259,3461.0851329481
161600.0,21.978512424592815,-0.0023163878451456,21.207373375275232,54.07414207055299,21.49782583394124,3465.5271631899213
161800.0,22.97135551525871,0.0049642154533294,19.999999939868303,57.82489480805283,20.93963635637052,3470.0221499839063
162000.0,-3.718240490835021e-19,-0.1148567775762935,20.667426392452256,0.0,20.38987812643917,3472.3192855354323
